키워드,주소,위도,경도
이태원 관광특구,서울 용산구 이태원동 116-3,37.53842,126.992
명동 남대문 북창동 다동 무교동 관광특구,서울 중구 을지로6가 21-31,37.56719,127.00646
동대문패션타운 관광특구,서울 종로구 구기동 139,37.609029,126.9573925
종로·청계 관광특구,서울 종로구 서린동,37.56925,126.97959
잠실 관광특구,서울 종로구 신영동 219-4,37.60277,126.9616
강남 마이스 관광특구,서울 종로구 행촌동 171-1,37.57425,126.96215
이북5도청사,서울 종로구 신영동 168-6,37.60277,126.9616
독립문역 1번,서울 종로구 부암동 265-21,37.5949602,126.9657272
세검정초등학교,서울 종로구 사직동 304-28,37.5738317,126.97030324117736
대신고등학교,서울 종로구 옥인동 168-2,37.58348,126.96385
세검정,서울 종로구 청운동,37.58895,126.96784
사직공원(한국사회과학도서관),서울 종로구 신문로2가 1-101,37.57073,126.96859
자하문터널,서울 종로구 청운동 89-9,37.58895,126.96784
평창동서측,서울 종로구 효자동 150,37.58247,126.97168
성곡미술관,서울 종로구 계동 1,37.5811587,126.9874149
체부동홍종문가옥,서울 종로구 와룡동 2-71,37.581572,126.9922844
경복고등학교,서울 종로구 명륜1가 1-27,37.58861,126.99689
청와대사랑채,서울 종로구 명륜3가 53-21,37.58659,126.99398
평창동동측,대구 수성구 범어동 100-5,35.8593608,128.6320249
정독도서관,서울 종로구 연건동 28-21,37.5784056,126.9999208
중앙고등학교,서울 종로구 운니동 114-2,37.57603,126.98793
창덕궁,서울 종로구 동숭동 1-13,37.58096,127.0051932
서울국제고등학교,서울 종로구 이화동 9-244,37.57663,127.00515
성균관대학교,서울 종로구 창신동 442-1,37.57595,127.01313
경신고등학교,서울 종로구 창신동 204-14,37.57595,127.01313
서울대병원,서울 종로구 창신동 442-1,37.57595,127.01313
혜회동주민센터,서울 종로구 창신동,37.57595,127.01313
충신시장옆,서울 종로구 명륜4가 7,37.58214,126.99977
종로5가역 4번,서울 종로구 창신동 401-3,37.57595,127.01313
혜화역 1번,서울 종로구 숭인동 117,37.57648,127.01848
이화달팽이길,서울 종로구 숭인동 81-39,37.57648,127.01848
동대문역 1번,서울 종로구 숭인동 1304,37.57648,127.01848
동대문역 3번,서울 중구 정동 22,37.5661683,126.9726202
창신역 1번,서울 중구 회현동1가 192-1,37.55689,126.98138
창신역 4번,경남 통영시 정량동 232,34.847762,128.437887
창신1동주민센터,서울 중구 장충동2가 186-140,37.5541467,127.0002445
동묘앞역 2번,서울 종로구 낙원동 172,37.57221,126.98762
동묘앞역 3번,서울 중구 신당동 366-454,37.565196900000004,127.01321661206495
신설동역 12번,서울 중구 장충동2가,37.5541467,127.0002445
경향신문사,서울 중구 장충동1가 37-14,37.56041,127.00706
회현역 1번,서울 성동구 옥수동 301,37.54176,127.01648
중구회현체육센터(정화예술대남산캠퍼스),서울 중구 신당동,37.565196900000004,127.01321661206495
남산케이블카,서울 중구 신당동 386-86,37.565196900000004,127.01321661206495
남산골공원옆,서울 중구 신당동 295-25,37.565196900000004,127.01321661206495
충무초등학교,서울 중구 신당동 295-2,37.565196900000004,127.01321661206495
관성묘,서울 중구 황학동 161,37.5675499,127.02172
동대문역사문화공원역 5번,서울 종로구 창신동 204-14,37.57595,127.01313
버티고개,서울 중구 황학동 882,37.5675499,127.02172
다산성곽길,서울 용산구 원효로4가 1-1,37.53211,126.95127
장충동주민센터,서울 용산구 이촌동 199-1,37.52086,126.96612
장충단 고개,서울 용산구 용문동 5-229,37.538097750000006,126.95862107239697
약수역 7번,서울 용산구 효창동 255-5,37.54341,126.96037
한양공고앞 교차로,서울 용산구 한강로2가 314-1,37.53142,126.9685
장충초등학교,서울 용산구 효창동 74-15,37.54341,126.96037
청구역 1번,경남 창원시 성산구 가음동 11,35.2090327,128.6968823
청구역 3번,서울 종로구 관수동 58,37.5688,126.99018
황학동벼룩시장,서울 용산구 서계동 259-3,37.55234,126.96595
신당역 3번,서울 용산구 갈월동 96-1,37.54487,126.9715441
황학코아루아파트,서울 용산구 갈월동 16-7,37.54487,126.9715441
새남터성지,서울 용산구 이촌동 302-48,37.52086,126.96612
효창공원앞역 6번,서울 용산구 원효로1가 44-11,37.537689150000006,126.96732507803657
효창동주민센터,서울 용산구 한강로1가 296-1,37.53517,126.97404
한강로동땡땡거리(은행나무길),서울 중구 입정동,37.5676286,126.9921126
효창공원앞역 5번,서울 용산구 갈월동 96-1,37.54487,126.9715441
효창공원앞역 2번,서울 용산구 한강로1가 121-3,37.53517,126.97404
남정초등학교,서울 용산구 후암동 190-2,37.55011,126.98028
서울역 15번,서울 용산구 이촌동 300-10,37.52086,126.96612
배문고등학교,서울 용산구 후암동 244-109,37.55011,126.98028
남영역 1번,서울 용산구 용산동2가,37.54305,126.98558
숙대입구,서울 용산구 이태원동 34-87,37.53842,126.992
용산세무서,서울 용산구 서빙고동 241-84,37.51769075,126.99123969122317
한강미주맨션아파트,서울 용산구 한강로1가 303-2,37.53517,126.97404
열정도,서울 용산구 이태원동 131-44,37.53842,126.992
삼각지역 3번,서울 용산구 보광동 168-4,37.5267109,127.00021654781031
서울역 12번,서울 용산구 서빙고동 134,37.51769075,126.99123969122317
숙대입구역 1번,서울 용산구 보광동 238-2,37.5267109,127.00021654781031
삼각지역 14번,서울 용산구 한남동 742-1,37.53822,127.0074
삼광초등학교,서울 용산구 보광동 260-7,37.5267109,127.00021654781031
이촌동점보아파트,서울 용산구 한남동 763-7,37.53822,127.0074
후암동주민센터,경기 오산시 청학동 17,37.15203,127.05706
해방촌예술마을,서울 용산구 한남동 726-494,37.53822,127.0074
해방촌 남동측,서울 용산구 한남동 726-111,37.53822,127.0074
용산구청,서울 용산구 한남동 726-1,37.53822,127.0074
서빙고역 1번,서울 용산구 한남동 4-13,37.53822,127.0074
경리단길북측,서울 용산구 한남동 1-320,37.53822,127.0074
경리단길남측,서울 성동구 옥수동 436,37.54176,127.01648
이태원역 북측,서울 성동구 옥수동 227,37.54176,127.01648
이태원엔틱가구거리,서울 성동구 옥수동 401-1,37.54176,127.01648
오산고등학교,서울 성동구 옥수동,37.54176,127.01648
서빙고동주민센터,서울 성동구 금호동3가 1583,37.54998,127.02213
한국폴리텍대학서울정수캠퍼스,서울 성동구 금호동2가 1218,37.55311,127.0211
리움미술관,서울 성동구 금호동1가 48-2,37.55286,127.02393
NH농협은행 보광동지점,서울 성동구 금호동4가,37.54479,127.02339
우사단길,서울 성동구 금호동1가 688,37.55286,127.02393
오산중학교,서울 성동구 금호동1가 1500,37.55286,127.02393
한강진역 3번,서울 성동구 행당동 1-137,37.55783,127.03571
한남초등학교,서울 성동구 도선동 35-1,37.56322,127.03311
서울독일학교,서울 성동구 응봉동,37.55236,127.03356
유엔빌리지길,서울 성동구 홍익동 102-1,37.5660138,127.0327281
옥수동우편취급국,서울 중구 신당동 99,37.565196900000004,127.01321661206495
옥정중학교,서울 성동구 마장동 527-4,37.56743,127.04045
옥수역 6번,서울 성동구 홍익동 16-15,37.5660138,127.0327281
옥수터널,서울 성동구 행당동 267-23,37.55783,127.03571
신금호역 4번,서울 성동구 마장동,37.56743,127.04045
금동어린이공원,서울 성동구 성수동1가 668-11,37.5435,127.03742
금북초등학교,서울 성동구 행당동 64,37.55783,127.03571
금호사거리,서울 성동구 마장동 804,37.56743,127.04045
성동구립금호도서관,서울 성동구 마장동 809-2,37.56743,127.04045
금호삼성래미안아파트,서울 성동구 성수동1가,37.5435,127.03742
상왕십리역 6번,서울 성동구 응봉동 3-10,37.55236,127.03356
대현산장미원,서울 성동구 성수동1가 27-23,37.5435,127.03742
행당역 2번,서울 성동구 성수동2가 333-17,37.54048,127.05601
응봉산,서울 성동구 성수1가2동 13-21,37.5485606,127.04366257478176
왕십리파출소,서울 성동구 용답동 69-1,37.56211,127.05467
상왕십리역 3번,서울 성동구 성수동2가 276-5,37.54048,127.05601
청계천박물관,서울 성동구 성수동2가 299-240,37.54048,127.05601
성동구보건소,서울 성동구 용답동 223-3,37.56211,127.05467
왕십리역 9번,서울 성동구 성수동2가 236-59,37.54048,127.05601
마장지하차도,서울 성동구 송정동 67-6,37.55421,127.05676
마장역 2번,서울 성동구 송정동,37.55421,127.05676
마장역 3번,서울 광진구 자양동 63-1,37.5329735,127.0727409
뚝섬역교차로,서울 광진구 자양동 8-6,37.5329735,127.0727409
사근동살곶이상점가,서울 성동구 성수동2가 335-16,37.54048,127.05601
서울숲역 1번,서울 성동구 송정동 70-68,37.55421,127.05676
성수1가1동주민센터,서울 성동구 성수동2가 335-16,37.54048,127.05601
성원중학교,서울 광진구 화양동 164-1,37.54408,127.06895
답십리역 6번,서울 광진구 자양동 591,37.5329735,127.0727409
성수동카페거리,서울 광진구 군자동 48-45,37.5532345,127.071936
성수2가3동주민센터,서울 성동구 성수동2가 276-5,37.54048,127.05601
서울교통공사,서울 광진구 군자동 98,37.5532345,127.071936
성수119안전센터,서울 광진구 중곡동 248-29,37.56286,127.08921
성동세무서,서울 광진구 자양동 594,37.5329735,127.0727409
경수초등학교,서울 광진구 중곡1동 232-44,37.56262365,127.07810911928351
성수초등학교,서울 광진구 중곡동 259-10,37.56286,127.08921
송정체육공원,서울 광진구 자양동,37.53169045,127.07494767413708
자양4동주민센터,서울 광진구 자양동 777,37.5329735,127.0727409
건대입구역 6번,서울 광진구 능동 265-8,37.55444,127.08156
건대입구역 1번,서울 광진구 자양동 636-7,37.5329735,127.0727409
화양사거리,서울 광진구 중곡동 684,37.56286,127.08921
뚝섬유원지역 1번,서울 광진구 자양동 216-13,37.5329735,127.0727409
어린이대공원역 4번,서울 광진구 구의동 254-32,37.54417,127.09262
장안초등학교,서울 광진구 중곡동 273-1,37.56286,127.08921
신자초등학교,서울 광진구 중곡동 272-12,37.56286,127.08921
능동우편취급국,서울 광진구 자양2동 662,37.5306378,127.08361477505366
어린이대공원역 3번,서울 광진구 구의동 96,37.54417,127.09262
세종대학교,서울 광진구 중곡동 30-1,37.56286,127.08921
중곡1동 마을마당,서울 광진구 구의동 237-6,37.54417,127.09262
자양한강도서관,경기 용인시 처인구 마평동 675-4,37.2315252,127.2195298
중곡어린이공원,서울 광진구 중곡동 176-124,37.56286,127.08921
중곡1동주민센터,부산 남구 문현2동 497,35.1431489,129.06676834699493
광진정말공원,서울 광진구 구의동 238-1,37.54417,127.09262
광진구청,서울 광진구 중곡동 62-24,37.56286,127.08921
군자역 5번,서울 광진구 구의2동 60-44,37.5515285,127.09433908973284
자양동우체국,부산 북구 구포동 1076-1,35.19957,129.00564
중곡3동주민센터,서울 광진구 구의동 94,37.54417,127.09262
구의역 4번,서울 광진구 구의동 227-13,37.54417,127.09262
광진경찰서,서울 광진구 중곡동 100-16,37.56286,127.08921
중곡역 3번,서울 광진구 구의2동 4-5,37.5515285,127.09433908973284
군자역 4번,서울 광진구 광장동 353,37.54711,127.10414
성자초등학교,서울 송파구 풍납동 269-30,37.53387,127.11094
아차산역 5번,서울 광진구 광장동 112,37.54711,127.10414
국립정신건강센터,서울 동대문구 신설동 92-34,37.573478,127.0257068
구의1동주민센터,서울 동대문구 용두동 715,37.57616,127.03476
용마초등학교,서울 동대문구 용두동 232-22,37.57616,127.03476
대원고등학교,경기 고양시 덕양구 용두동,37.6236255,126.8899194
성동초등학교,경기 고양시 덕양구 용두동 14,37.6236255,126.8899194
동대부여고,서울 동대문구 제기동 1157,37.58465,127.03678
중곡4동주민센터,서울 동대문구 용두동 237-10,37.57616,127.03476
광진초등학교,서울 동대문구 용두동 779,37.57616,127.03476
아차산역 1번,서울 성북구 안암동,37.587608450000005,127.02709683019961
푸른동산공원,서울 동대문구 제기동 136-237,37.58465,127.03678
해오름공원,서울 동대문구 용두동 787,37.57616,127.03476
동의초등학교,서울 동대문구 제기동 136-207,37.58465,127.03678
장로회신학대학교,서울 동대문구 제기동 678,37.58465,127.03678
광나루역 1번,서울 동대문구 용두동 39-9,37.57616,127.03476
광진정보도서관,서울 동대문구 청량리동 205,37.5882073,127.046251807744
신설동역 9번,서울 동대문구 청량리동,37.5882073,127.046251807744
용두희망어린이공원,서울 동대문구 제기동 591-15,37.58465,127.03678
한국의류시험연구원,서울 동대문구 제기동 1019,37.58465,127.03678
용두사거리,서울 동대문구 청량리동 229,37.5882073,127.046251807744
용두초등학교,서울 동대문구 전농동 643-116,37.5806,127.05543
종암초등학교,서울 동대문구 청량리동,37.5882073,127.046251807744
제기동역 6번,서울 동대문구 답십리동 471,37.57002,127.05467
용두동신동아아파트,서울 동대문구 회기동,37.59433,127.05178
제기동역 1번,서울 동대문구 전농동 690-1,37.5806,127.05543
고대앞사거리,서울 동대문구 전농동 25-2,37.5806,127.05543
고려대역 6번,서울 동대문구 회기동,37.59433,127.05178
동의보감타워,서울 동대문구 답십리동 1004-4,37.57002,127.05467
고려대역 4번,서울 동대문구 전농동 694,37.5806,127.05543
홍파초등학교,서울 동대문구 전농동,37.5806,127.05543
동대문구청,서울 동대문구 답십리동 274,37.57002,127.05467
세종대왕기념관교차로,서울 동대문구 회기동 1-5,37.59433,127.05178
동대문중앙새마을금고본점,서울 동대문구 휘경동 255-38,37.58773,127.06526
홍릉시장,서울 동대문구 전농동 54-6,37.5806,127.05543
동대문경찰서,서울 동대문구 답십리동 952-4,37.57002,127.05467
전농119안전센터,서울 동대문구 답십리동,37.57002,127.05467
전농1동주민센터(전농시장),서울 동대문구 휘경2동 29-1,37.5866196,127.06381070739329
떡전교사거리,서울 성북구 상월곡동 55-56,37.60607,127.04629
간데메공원,서울 성북구 석관동 409,37.60789,127.06116
경희대삼거리,서울 동대문구 휘경동 267-140,37.58773,127.06526
텃골근린공원,경기 시흥시 거모동 1582-1,37.3552987,126.7751935
시립대앞사거리,서울 동대문구 이문동 360-9,37.60021,127.06124
시조사삼거리,서울 동대문구 장안동,37.57105,127.06806
답십리 장령당공원,서울 동대문구 장안동 395-3,37.57105,127.06806
서울시립대,서울 동대문구 답십리동,37.57002,127.05467
전곡마을마당공원,서울 동대문구 장안동 300,37.57105,127.06806
답십리초등학교,서울 동대문구 장안동 352,37.57105,127.06806
청량초등학교,서울 동대문구 장안동 336,37.57105,127.06806
경희대후문,서울 중랑구 면목동,37.5817944,127.09104236297874
회기역 1번,서울 동대문구 장안2동 328,37.5748595,127.07275147275706
전농중학교,서울 중랑구 묵동 176-21,37.61083,127.08109
자동차부품상가,서울 동대문구 이문동 360-4,37.60021,127.06124
답십리사거리,서울 중랑구 중화동 328-14,37.59755,127.07783
삼육보건대학교,서울 중랑구 묵2동 246-12,37.6116211,127.0745436661667
외대앞역 1번,서울 중랑구 상봉동 130-3,37.60002,127.09283
의릉,서울 중랑구 중화동 332-48,37.59755,127.07783
회기역 2번,서울 중랑구 상봉동 100-9,37.60002,127.09283
군자초등학교,서울 동대문구 이문동 175-1,37.60021,127.06124
외대앞역 2번,서울 중랑구 면목동 175-18,37.58178,127.09034
촬영소사거리,서울 중랑구 면목2동 178-8,37.58965955,127.07793506542939
장안1동주민센터,서울 동대문구 이문동 360-4,37.60021,127.06124
답십리공원,서울 중랑구 중화동 301-29,37.59755,127.07783
장안근린공원,서울 중랑구 상봉동 128-28,37.60002,127.09283
장평중학교,서울 중랑구 묵동 176-21,37.61083,127.08109
장안현대홈타운1차아파트,서울 중랑구 묵동 120,37.61083,127.08109
장안교,서울 중랑구 묵동 176-21,37.61083,127.08109
동대부고,서울 노원구 공릉동 678-5,37.63021,127.08818
중랑역 1번,서울 중랑구 중화동 288-26,37.59755,127.07783
중랑역 4번,서울 중랑구 면목동 160-1,37.58178,127.09034
세화어린이공원,서울 중랑구 면목4동 380,37.57404015,127.08531157633985
신묵초등학교,서울 중랑구 면목동 351,37.58178,127.09034
메가박스 상봉,서울 동대문구 이문동 360-4,37.60021,127.06124
배꽃어린이공원,서울 중랑구 면목동 146-1,37.58178,127.09034
중랑역 2번,서울 중랑구 상봉동 314-69,37.60002,127.09283
태릉시장 특화거리,서울 중랑구 면목본동 551,37.58924675,127.08927760642894
먹골역 5번,서울 중랑구 면목동 496-1,37.58178,127.09034
면목5동주민센터,서울 중랑구 면목동 119-1,37.58178,127.09034
중랑노인종합복지관,서울 중랑구 면목동 630,37.58178,127.09034
중화역 4번,서울 중랑구 면목동 119-1,37.58178,127.09034
KB국민은행 중화동지점,서울 중랑구 면목동 282-6,37.58178,127.09034
월드순복음교회,서울 중랑구 면목동 483-22,37.58178,127.09034
먹골역 1번,서울 중랑구 망우동,37.60086375,127.1076268962394
먹골파출소,서울 중랑구 면목3.8동 458-78,37.5847184,127.10180721371822
중화역 1번,서울 노원구 공릉동 280-12,37.63021,127.08818
화랑대역 7번,서울 중랑구 망우동 529-2,37.60178,127.1054
장안중학교,서울 중랑구 면목동 50-17,37.58178,127.09034
장안제일시장,서울 중랑구 망우동 519,37.60178,127.1054
중곡초등학교,서울 중랑구 망우동,37.60086375,127.1076268962394
오거리공원,서울 중랑구 신내동 448-1,37.61182,127.09298
상봉역 4번,서울 중랑구 망우동 488-4,37.60178,127.1054
면목2동체육관,서울 중랑구 면목동 49-3,37.58178,127.09034
상봉역 7번,서울 중랑구 망우동 486-1,37.60178,127.1054
면동초등학교,서울 중랑구 망우동 207-2,37.60178,127.1054
사가정역 1번,서울 중랑구 망우동 340-18,37.60178,127.1054
면목역 3번,서울 노원구 공릉동 280-12,37.63021,127.08818
사가정역 4번,서울 성북구 성북동 217-44,37.59552,126.99215
상봉역 3번,서울 성북구 성북동 323,37.59552,126.99215
면목역 1번,서울 성북구 정릉동 865-7,37.61654,126.99794
면목역 2번,서울 성북구 성북동,37.59552,126.99215
망우역 1번,서울 성북구 성북동 151,37.59552,126.99215
면목동우체국,서울 성북구 성북동1가 50-2,37.5937602,127.0039977
망우역 2번,서울 성북구 정릉동 673-3,37.61654,126.99794
망우3동주민센터,서울 성북구 성북동 168-275,37.59552,126.99215
용마문화복지센터,서울 성북구 정릉동 297-5,37.61654,126.99794
신내역 1번,서울 성북구 삼선동1가 1-2,37.58446,127.00809
신내1동주민센터,서울 성북구 정릉동 966-330,37.61654,126.99794
장스여성병원,서울 성북구 동소문동1가 140-1,37.59,127.00695
하나은행 망우동지점,서울 성북구 정릉동 414-4,37.61654,126.99794
신내IC북측,서울 종로구 명륜4가 7,37.58214,126.99977
러스크서울병원,서울 성북구 삼선동3가 43-1,37.58635,127.01311
망우본동주민센터,서울 성북구 정릉동 170-10,37.61654,126.99794
신내역 2번,서울 성북구 정릉동 966-330,37.61654,126.99794
북정마을,서울 성북구 삼선동4가 349-1,37.58935,127.01307
길상사,서울 성북구 동선동4가 95-1,37.59457,127.0185
국민대학교앞,서울 동대문구 신설동 92-34,37.573478,127.0257068
성북초등학교앞,서울 성북구 동선동1가 1-33,37.59202,127.01799
정릉북한산국립공원입구,서울 종로구 명륜4가 7,37.58214,126.99977
홍대부중,서울 성북구 보문동1가 147-68,37.58612,127.01936
한성대입구역 5번,서울 성북구 길음동 1168,37.6085308,127.0201946
정릉3동주민센터,서울 성북구 길음동 875-1,37.6085308,127.0201946
동구여중,서울 성북구 길음동 1076-2,37.6085308,127.0201946
북한산보국문역 2번,서울 성북구 보문동7가 111,37.57934,127.022
북한산보국문역 1번,서울 성북구 하월곡동 104-84,37.60444,127.03764
한성대입구역 3번,서울 성북구 동소문동2가 2-1,37.58839,127.00785
정릉역 2번,서울 성북구 안암동5가 146-1,37.5887938,127.0300906
삼선중학교,서울 성북구 하월곡동 27-5,37.60444,127.03764
서경대학교,서울 성북구 종암동 131,37.59631,127.03333
정릉우체국,서울 성북구 하월곡동 84-86,37.60444,127.03764
성신여대입구역 4번,서울 성북구 종암동 32-3,37.59631,127.03333
경동고등학교,서울 성북구 하월곡동 67-47,37.60444,127.03764
솔숲어린이공원,서울 성북구 종암동 16-8,37.59631,127.03333
정릉역 1번,서울 성북구 종암동 8-2,37.59631,127.03333
삼선동주민센터,서울 성북구 하월곡동 23-1,37.60444,127.03764
성신여대입구역 7번,서울 성북구 장위동 225-100,37.6162,127.05086
보문역 8번,서울 성북구 상월곡동 55-56,37.60607,127.04629
성신여대입구역 1번,서울 성북구 하월곡동 37-4,37.60444,127.03764
보문역 4번,경북 칠곡군 석적읍 중리 235,36.10202375,128.40399605987548
보문역 5번,서울 성북구 장위동 233-53,37.6162,127.05086
미아초등학교,서울 성북구 상월곡동 26-1,37.60607,127.04629
길음역 7번,서울 성북구 하월곡동 37-6,37.60444,127.03764
길음역 8번,서울 성북구 장위2동 76-3,37.612747600000006,127.0533202257899
대광초등학교,서울 성북구 상월곡동 55-56,37.60607,127.04629
길음역 10번,서울 성북구 석관동 349-8,37.60789,127.06116
종암아이파크2차후문,서울 성북구 장위동 64-100,37.6162,127.05086
안암역 2번,서울 동대문구 이문동 175-1,37.60021,127.06124
안암역 3번,서울 성북구 석관동 291-4,37.60789,127.06116
종암경찰서,서울 성북구 석관동 375-29,37.60789,127.06116
종암아이파크2차,서울 성북구 석관동 77-1,37.60789,127.06116
종암중학교,인천 남동구 만수동 47,37.45291,126.73583
KT월곡지사,서울 강북구 수유동 580-1,37.6352212,127.0090642
종암동주민센터,서울 강북구 수유동 551,37.6352212,127.0090642
KB국민은행 종암동지점,서울 강북구 우이동 16-27,37.6575291,127.0089505
동덕여대,서울 강북구 수유동 520,37.6352212,127.0090642
장위1동주민센터,서울 강북구 수유동 281-2,37.6352212,127.0090642
상월곡역 1번,서울 강북구 수유동 491-28,37.6352212,127.0090642
월곡역 4번,서울 강북구 우이동 57-18,37.6575291,127.0089505
장곡초등학교,서울 강북구 우이동 72-182,37.6575291,127.0089505
상월곡역 2번,서울 강북구 수유동 360-10,37.6352212,127.0090642
우리은행체육관,서울 도봉구 창동 330,37.64643,127.04326
돌곶이역 1번,서울 강북구 수유동 605-412,37.6352212,127.0090642
돌곶이역 8번,서울 강북구 수유동 317-5,37.6352212,127.0090642
돌곶이역 3번,서울 강북구 미아동 1353-6,37.628995,127.02575433718266
석관중앙교회,경기 고양시 덕양구 동산동,37.6416587,126.9003307
석계역 7번,서울 강북구 번동 386-16,37.62929,127.03684
석관고등학교,서울 강북구 인수동 46-35,37.637062650000004,127.00121703848157
아카데미하우스,서울 강북구 수유동 55-5,37.6352212,127.0090642
인수초등학교,서울 강북구 미아동 745-155,37.628995,127.02575433718266
국립4.19민주묘지,서울 강북구 수유동 650-16,37.6352212,127.0090642
인수중학교,서울 강북구 미아동 860-56,37.628995,127.02575433718266
북한산우이역 2번,서울 강북구 미아동 194-1,37.628995,127.02575433718266
국립재활원,서울 강북구 미아동 304-3,37.628995,127.02575433718266
무너미어린이공원,서울 강북구 수유동,37.636597,127.0043825133653
화계중학교,서울 강북구 수유동 192-59,37.6352212,127.0090642
솔밭공원역 2번,전북 전주시 덕진구 송천동1가 397,35.8583571,127.1267523
4.19민주묘지역 2번,서울 강북구 미아동 147,37.628995,127.02575433718266
구세군강북종합사회복지관,서울 강북구 미아동 327-5,37.628995,127.02575433718266
강북문화예술회관,서울 강북구 미아동,37.628995,127.02575433718266
화계역 2번,서울 강북구 수유동 694,37.6352212,127.0090642
가오리역 2번,서울 강북구 번동 386-16,37.62929,127.03684
수유북부시장옆,서울 강북구 미아동 94-1,37.628995,127.02575433718266
수유1동주민센터,서울 강북구 번동 432-5,37.62929,127.03684
수유동우체국,서울 강북구 번동 456,37.62929,127.03684
삼각산119안전센터,서울 강북구 미아동 35-21,37.628995,127.02575433718266
삼양사거리역 2번,서울 강북구 미아동 87-141,37.6264941,127.0261091
덕수교,서울 강북구 번동 430-12,37.62929,127.03684
인수동 우편취급국,서울 강북구 번동 241,37.62929,127.03684
수유시장옆,서울 도봉구 쌍문동 507-53,37.65347,127.02715
수유초등학교,서울 도봉구 쌍문동 422-7,37.65347,127.02715
삼양사거리역 1번,서울 도봉구 쌍문동,37.65285605,127.02487790048214
우이천 계성교,서울 도봉구 쌍문동 468,37.65347,127.02715
미아역 8번,서울 도봉구 쌍문동 360-4,37.65347,127.02715
미아역 5번,서울 도봉구 쌍문동 380-28,37.65347,127.02715
광산사거리,서울 도봉구 쌍문동 388-1,37.65347,127.02715
강북구청,서울 도봉구 방학동 302,37.66442,127.03333
송천초등학교,서울 도봉구 방학동 611-5,37.66442,127.03333
성신여대운정그린캠퍼스,서울 도봉구 방학3동 270-1,37.6632355,127.02334773222307
도봉세무서,서울 도봉구 방학동 720-33,37.66442,127.03333
삼양입구사거리,서울 도봉구 방학동 313,37.66442,127.03333
강북중학교,서울 도봉구 방학동 691-7,37.66442,127.03333
수유역 2번,서울 도봉구 도봉동 282-26,37.6826056,127.0425405
송중초등학교,서울 도봉구 쌍문2동 646,37.6558521,127.03669510128691
서울북부고용노동지청,서울 도봉구 창동 632-73,37.64643,127.04326
수송초등학교,서울 도봉구 쌍문동 565,37.65347,127.02715
미아사거리역 3번,서울 도봉구 창동 303,37.64643,127.04326
송중동주민센터,서울 도봉구 방학동 704-37,37.66442,127.03333
KT&G 북부지사,서울 도봉구 방학동 687-27,37.66442,127.03333
강북문화정보도서관,광주 광산구 신창동 1145,35.1901594,126.8467735
번동주공2단지,서울 도봉구 창동 20,37.64643,127.04326
솔밭공원역 1번,서울 도봉구 도봉동 298-4,37.6826056,127.0425405
덕성여대시반거리,서울 도봉구 도봉동 637-37,37.6826056,127.0425405
문이교,서울 도봉구 창동 224-20,37.64643,127.04326
효문고등학교,서울 도봉구 창동 330,37.64643,127.04326
연산군묘,서울 도봉구 창동 330,37.64643,127.04326
쌍문초등학교,서울 노원구 상계동 1132-9,37.66727,127.07242
도봉우체국,서울 도봉구 방학동 722-8,37.66442,127.03333
한일병원,서울 도봉구 도봉동 646,37.6826056,127.0425405
방학초등학교,서울 노원구 월계동 873-1,37.6289,127.0567
샘말어린이공원,서울 노원구 상계동 1118-77,37.66727,127.07242
발바닥공원,서울 노원구 상계동 1014,37.66727,127.07242
국민은행방학지점,서울 노원구 월계동 263-7,37.6289,127.0567
방학중학교,서울 노원구 상계동 1007-4,37.66727,127.07242
신한은행 방학동지점,서울 중랑구 묵동 176-21,37.61083,127.08109
쌍문역1번(쌍리단길),서울 중랑구 묵동 176-21,37.61083,127.08109
도봉산입구,서울 노원구 상계동 602-5,37.66727,127.07242
쌍문2동우체국,서울 노원구 공릉동 280-12,37.63021,127.08818
창2동주민센터,서울 노원구 상계2동 402-1,37.6558695,127.06648900826535
도봉구보건소,서울 노원구 상계5동 447-1,37.6668581,127.06947331708963
도봉구민회관,서울 노원구 상계동 385-1,37.66727,127.07242
도봉구 정병원,서울 노원구 하계동 280-1,37.63793,127.07251
방학1동주민센터,서울 노원구 상계동 167-2,37.66727,127.07242
신창초등학교,서울 노원구 공릉동 572-4,37.63021,127.08818
방학역 1번,서울 노원구 중계동 449-2,37.64802,127.07678
도봉산역 1번,서울 노원구 상계동 156-203,37.66727,127.07242
도봉역 2번,서울 노원구 하계동 55,37.63793,127.07251
가인초등학교,서울 노원구 공릉동 280-12,37.63021,127.08818
창동역 2번,서울 노원구 공릉동 617-5,37.63021,127.08818
방학역 2번,서울 노원구 공릉동 172,37.63021,127.08818
도봉역 3번,서울 노원구 중계동 132,37.64802,127.07678
창동중학교,서울 노원구 상계동 1405-2,37.66727,127.07242
누원고등학교,서울 노원구 상계동 1393-5,37.66727,127.07242
장석교회,서울 노원구 상계동 37-7,37.66727,127.07242
수락산역 4번,서울 노원구 중계동 118,37.64802,127.07678
노원초등학교,서울 노원구 공릉동 29-4,37.63021,127.08818
월계역 3번,서울 은평구 수색동 81,37.585187250000004,126.8948584489098
광운대학교 남단,서울 은평구 증산동 221-1,37.58234,126.90612
수락산디자인거리,서울 은평구 신사동 265-4,37.59547,126.90718
석계역 1번,경남 김해시 구산동 408,35.25006,128.87243
노원역 9번,서울 은평구 신사동 238-2,37.59547,126.90718
석계역 2번,서울 은평구 증산동 199-8,37.58234,126.90612
계상초등학교,서울 은평구 증산동 199-8,37.58234,126.90612
상계2동주민센터,서울 은평구 신사동 352-2,37.59547,126.90718
노원 을지대학교병원,서울 은평구 신사동 29-2,37.59547,126.90718
상계5동주민센터,서울 은평구 갈현동 227-5,37.62058,126.91102
공릉동 국수거리,서울 은평구 역촌동 67-9,37.605,126.91198
중계초등학교,서울 은평구 구산동 17-33,37.61228115,126.90826582986259
상계역,서울 은평구 구산동 8-3,37.61228115,126.90826582986259
대진고등학교,서울 은평구 갈현동 240-1,37.62058,126.91102
공릉역 2번,서울 은평구 역촌동 85-42,37.605,126.91198
태릉입구역 4번,서울 은평구 갈현동 530-9,37.62058,126.91102
서울과학기술대,서울 은평구 역촌동 85-42,37.605,126.91198
상계제일중학교,서울 은평구 갈현동 541-1,37.62058,126.91102
당고개역 2번,서울 은평구 응암동 583-22,37.59418,126.92555
경춘선숲길 우측,서울 은평구 대조동 207-7,37.61260825,126.92277815383503
당고개역 5번,서울 은평구 갈현동 389-5,37.62058,126.91102
상계3동4동주민센터,서울 은평구 역촌동 1-57,37.605,126.91198
영신여고,서울 은평구 갈현동 390-19,37.62058,126.91102
화랑대철도공원,서울 은평구 역촌동 43-13,37.605,126.91198
수색역 1번,서울 은평구 응암동 747-1,37.59418,126.92555
수색성당,서울 은평구 응암동 114-1,37.59418,126.92555
덕산중학교,서울 은평구 응암동 576-37,37.59418,126.92555
내를건너서숲으로도서관,서울 은평구 대조동 227-2,37.61260825,126.92277815383503
구산초등학교,서울 은평구 대조동 207-16,37.61260825,126.92277815383503
상신초등학교입구,서울 은평구 불광동 445-35,37.6160647,126.9339579
증산역 3번,서울 은평구 응암동 768,37.59418,126.92555
시립서북병원,서울 은평구 대조동 179-49,37.61260825,126.92277815383503
증산역 4번,서울 은평구 응암동 84-5,37.59418,126.92555
새절역 3번,서울 은평구 응암동 96-3,37.59418,126.92555
신사1동주민센터,서울 은평구 불광동 487-2,37.6160647,126.9339579
선정중학교,서울 은평구 불광동 308-1,37.6160647,126.9339579
역촌노인복지관,서울 은평구 대조동 13-1,37.61260825,126.92277815383503
구산보건지소,부산 연제구 연산1동 302-1,35.1874849,129.08894782423414
예일여고,부산 연제구 연산8동 378-11,35.1864631,129.09739515039814
선일여고,서울 은평구 녹번동 144-64,37.60395,126.93437
응암역 2번,서울 은평구 불광동 123-1,37.6160647,126.9339579
구산역 4번,서울 은평구 녹번동 84,37.60395,126.93437
새절역 2번,서울 은평구 불광동 265-1,37.6160647,126.9339579
갈현건영아파트,서울 은평구 응암동 93,37.59418,126.92555
응암3동주민센터,서울 은평구 대조동 15-1,37.61260825,126.92277815383503
연신내역 7번,서울 은평구 불광동 173,37.6160647,126.9339579
은평요양병원,서울 서대문구 북가좌동 376-17,37.57953,126.91156
응암역 3번,서울 서대문구 북가좌동 324-13,37.57953,126.91156
응암정보도서관,서울 서대문구 북가좌동 424-29,37.57953,126.91156
신진과학기술고등학교,서울 마포구 동교동 155-27,37.5571419,126.9261901
응암동우체국,서울 은평구 증산동 199-7,37.58234,126.90612
연신내역 4번,서울 서대문구 남가좌2동 364-6,37.5788965,126.92073815620515
구산역 1번,서울 서대문구 남가좌동 376,37.57744,126.9179
백련산해모로아파트,서울 서대문구 남가좌동 336-21,37.57744,126.9179
역촌역 2번,서울 서대문구 홍은동 399-1,37.59296,126.93733
은평세무서,서울 서대문구 홍은동 323-15,37.59296,126.93733
응암1동주민센터,서울 서대문구 연희동 738,37.57234,126.93084
연신내역 2번,서울 서대문구 남가좌동 50-3,37.57744,126.9179
연신내역 3번,서울 서대문구 연희동 267-1,37.57234,126.93084
불광역 7번,서울 서대문구 연희동 88-1,37.57234,126.93084
연신초등학교,인천 서구 연희동,37.54863915,126.68266416649558
연천초등학교,서울 서대문구 연희동 86-12,37.57234,126.93084
역촌역 3번,서울 서대문구 창천동 98-3,37.55844,126.93363
연신내우체국,서울 서대문구 홍은동 183,37.59296,126.93733
불광역 8번,서울 서대문구 연희동 76-12,37.57234,126.93084
우리은행응암동지점,서울 서대문구 연희동 168-6,37.57234,126.93084
불광역 3번,서울 서대문구 홍은동 425-3,37.59296,126.93733
녹번동근린공원,서울 서대문구 신촌동 74-12,37.5662284,126.94291975147866
불광중학교,서울 서대문구 홍제동 161-1,37.5871,126.94676
하나고등학교,서울 서대문구 홍제동 161-1,37.5871,126.94676
북가좌초등학교,서울 서대문구 홍제동 456,37.5871,126.94676
증산3교남측,서울 서대문구 신촌동 134,37.5662284,126.94291975147866
북가좌2동주민센터,서울 서대문구 홍은동 48-20,37.59296,126.93733
모래내우체국,서울 서대문구 봉원동 26,37.57217,126.94662
가좌역 3번,서울 서대문구 홍제동 161-11,37.5871,126.94676
증산역 1번,서울 서대문구 홍제동 287-89,37.5871,126.94676
연가초등학교,서울 서대문구 홍제동 7-13,37.5871,126.94676
남가좌동현대아파트,서울 서대문구 북아현동 1015-3,37.55947205,126.9552493630483
남가좌파출소,서울 서대문구 북아현동 135-5,37.55947205,126.9552493630483
명지대학교교회,서울 종로구 내자동 75-4,37.57522,126.97146
명지전문대,서울 서대문구 충정로2가 67-13,37.56423,126.96346
홍남교남측,서울 서대문구 영천동 341-10,37.5708668,126.9596744
연희임광아파트,서울 서대문구 냉천동 261,37.56644,126.96208
명지대학교,서울 서대문구 충정로2가 185-15,37.56423,126.96346
서연중학교,서울 종로구 서린동,37.56925,126.97959
연희대우아파트앞,서울 서대문구 미근동 209,37.56343,126.96689
홍연시장,서울 마포구 망원동 460-5,37.55586,126.90087
연희초등학교,서울 마포구 망원동 426-5,37.55586,126.90087
연희지하차도,서울 마포구 성산동 350-8,37.56775,126.90263
연희파출소,서울 마포구 중동 63,37.57191,126.90557
서대문우체국,서울 마포구 망원동,37.556024050000005,126.90097513605555
홍은중학교,서울 마포구 성산동 591-4,37.56775,126.90263
정원여중,서울 마포구 합정동 345-1,37.5477846,126.90956355330226
서대문소방서,서울 마포구 서교동 490,37.5550706,126.92382487891514
서대문구청,서울 마포구 성산동 279-1,37.56775,126.90263
경의중앙 신촌역,서울 마포구 합정동 383-36,37.5477846,126.90956355330226
홍제역 4번,부산 부산진구 범천동 851-6,35.14925,129.05386
홍제성원아파트,서울 마포구 동교동 158-25,37.5571419,126.9261901
연희세브란스병원,서울 마포구 서교동 441-21,37.5550706,126.92382487891514
홍은종합사회복지관,서울 마포구 서교동 491,37.5550706,126.92382487891514
봉원사,서울 마포구 합정동 96-1,37.5477846,126.90956355330226
홍제역 2번,서울 마포구 연남동 369-1,37.56265955,126.9226107018927
서울여자간호대학교,서울 마포구 합정동 365-1,37.5477846,126.90956355330226
홍제3동주민센터,서울 마포구 성산동 226-1,37.56775,126.90263
아현역 1번,서울 마포구 상수동 309-18,37.54743,126.92473
홍지문,서울 마포구 연남동 250-9,37.56265955,126.9226107018927
아현역 2번,서울 마포구 동교동 155-27,37.5571419,126.9261901
충정로역 7번,서울 마포구 동교동 155-27,37.5571419,126.9261901
경기대학교,서울 마포구 상수동 72-1,37.54743,126.92473
영천시장입구,서울 마포구 동교동 190-1,37.557558650000004,126.92671835506621
돈의문센트레빌아파트입구,서울 마포구 동교동 177-16,37.5571419,126.9261901
충정로현대아파트,서울 서대문구 창천동 30-16,37.55844,126.93363
충정로역 3번,서울 마포구 동교동 190-1,37.557558650000004,126.92671835506621
미근동,서울 마포구 신수동 448-6,37.54620345,126.9359375116903
망원나들목체육관,서울 마포구 신수동 458,37.54620345,126.9359375116903
동교초등학교,서울 마포구 노고산동 124-2,37.5536471,126.9374998
마포구청역 7번,서울 마포구 동교동 177-16,37.5571419,126.9261901
중암중학교,서울 마포구 신수동 1-1,37.54620345,126.9359375116903
망리단길,서울 마포구 노고산동 1-50,37.5536471,126.9374998
마포구청역 1번,서울 마포구 대흥동 261-2,37.551004250000005,126.94194473035297
양화대교북단,서울 마포구 용강동 505,37.5415852,126.94263151869309
KB국민은행 망원동지점,서울 마포구 대흥동 128-1,37.551004250000005,126.94194473035297
마포구청역 4번,서울 마포구 도화동 292-29,37.5386394,126.94924282127039
새터산,서울 양천구 신월동 40-1,37.52782,126.83692
합정역 8번,서울 마포구 염리동 173-4,37.54914,126.94915
성서초등학교,서울 마포구 염리동 8-68,37.54914,126.94915
성미산체육관,서울 마포구 공덕동 457,37.549927049999994,126.95928971994923
가좌역 2번,서울 마포구 아현동 607-1,37.550546999999995,126.95246389042379
망원역 1번,서울 마포구 아현동 618-1,37.550546999999995,126.95246389042379
홍익지구대,서울 마포구 공덕동 105-1,37.549927049999994,126.95928971994923
절두산순교성지,서울 마포구 공덕동 29-6,37.549927049999994,126.95928971994923
홍대부속여중고앞,서울 마포구 공덕동 116-25,37.549927049999994,126.95928971994923
경성고등학교,서울 마포구 공덕동 450,37.549927049999994,126.95928971994923
성산중학교,서울 마포구 아현동 393-35,37.550546999999995,126.95246389042379
마포FM,서울 중구 남대문로1가,37.5673,126.98262
상수역 4번,서울 양천구 신월동 43-8,37.52782,126.83692
연트럴파크(연남동주민센터),서울 양천구 신월동 167-5,37.52782,126.83692
상수역 3번,서울 양천구 신월동 17-6,37.52782,126.83692
홍대입구역 3번,서울 양천구 신월동 51-9,37.52782,126.83692
홍익대,서울 양천구 신월동 149-20,37.52782,126.83692
경의선책거리,서울 양천구 신월동 135-18,37.52782,126.83692
광흥창역 6번,서울 양천구 신월동 987,37.52782,126.83692
광흥창역 1번,서울 양천구 신월동 132-3,37.52782,126.83692
홍대땡땡거리,서울 양천구 신월동 962-10,37.52782,126.83692
KB국민은행 서강지점,서울 양천구 신월1동 229-3,37.530740699999996,126.83471033637237
신수동주민센터,서울 양천구 신정3동 1284,37.51278835,126.8414283421414
서강대역 1번,서울 양천구 신월동 425-2,37.52782,126.83692
신촌역 6번,서울 양천구 신월동 545-7,37.52782,126.83692
서강대학교,서울 양천구 신월동 601-3,37.52782,126.83692
대흥동주민센터,서울 양천구 신월동 483-11,37.52782,126.83692
대흥역 3번,서울 양천구 신정동 1190-2,37.5162407,126.8521196
용강동주민센터,서울 양천구 신정동,37.5162407,126.8521196
대흥역 2번,서울 양천구 신정동 1065,37.5162407,126.8521196
마포역 4번,서울 양천구 신정동 1090,37.5162407,126.8521196
양원초등학교,서울 양천구 신정동 1032-9,37.5162407,126.8521196
염리초등학교,서울 양천구 신정동,37.5162407,126.8521196
이대역 5번,서울 양천구 신정동 312-1,37.5162407,126.8521196
공덕래미안3차아파트,서울 양천구 신정동 1001,37.5162407,126.8521196
아현역 4번,서울 양천구 목동 603-25,37.53608,126.87585
마포경찰서,서울 양천구 목동 735,37.53608,126.87585
서울서부지방법원,서울 양천구 목동 904-19,37.53608,126.87585
공덕동주민센터,서울 양천구 목동 717-28,37.53608,126.87585
한겨레신문사,서울 양천구 목동 927-8,37.53608,126.87585
애오개역 3번,서울 양천구 목동 946-1,37.53608,126.87585
만리재,서울 양천구 신정동 163-55,37.5162407,126.8521196
충정로역 6번,서울 양천구 목동 946-1,37.53608,126.87585
서울금융고등학교,서울 양천구 신정동 329-9,37.5162407,126.8521196
신월3동주민센터,서울 양천구 목동 542,37.53608,126.87585
신월중학교,서울 양천구 신정동 1309,37.5162407,126.8521196
메디힐병원,서울 양천구 목동 136-2,37.53608,126.87585
서서울호수공원,서울 강서구 공항동 32-1,37.5556799,126.79312568532687
신월1동주민센터,서울 강서구 과해동 676,37.56665,126.78817
신월문화체육센터,서울 강서구 방화동 542-2,37.57682,126.81422
신월1파출소,서울 강서구 방화동 829-4,37.57682,126.81422
신월7동주민센터,서울 강서구 방화동 846,37.57682,126.81422
신월1동우편취급국,서울 강서구 방화동 886,37.57682,126.81422
신월시영아파트중문,서울 강서구 방화동 886,37.57682,126.81422
지향초등학교,서울 강서구 방화동 830-1,37.57682,126.81422
신월4동주민센터,서울 강서구 공항동 26-3,37.5556799,126.79312568532687
목동센트럴아이파크앞,서울 강서구 방화동 217-156,37.57682,126.81422
신한은행 신월동지점,서울 강서구 방화동 217-156,37.57682,126.81422
금빛새마을금고본점,서울 강서구 방화동 830-8,37.57682,126.81422
신월2동주민센터,서울 강서구 마곡동 731-265,37.56619,126.8255083
계남근린공원,서울 강서구 공항동 1350-1,37.5556799,126.79312568532687
신정역 1번,서울 강서구 내발산동,37.5538883,126.8377001
신정역 5번,서울 강서구 화곡동 1076-14,37.54208,126.84656
신정네거리역 4번,서울 강서구 화곡동 1019,37.54208,126.84656
목동로데오거리,서울 강서구 화곡동 1075-51,37.54208,126.84656
신서초등학교,서울 강서구 등촌동 709,37.5498936,126.86025
양목초등학교,서울 강서구 내발산동 654,37.5538883,126.8377001
등촌역 4번,서울 강서구 내발산동 657,37.5538883,126.8377001
강서고등학교,서울 강서구 화곡동 351-94,37.54208,126.84656
목4동주민센터,서울 강서구 가양동 150-34,37.5663502,126.8525524
목동보건지소,서울 강서구 화곡동 1089-43,37.54208,126.84656
목동역 5번,서울 강서구 화곡동 1076-14,37.54208,126.84656
달마을공원,서울 강서구 가양동 448-1,37.5663502,126.8525524
갈산공원,서울 양천구 신정동 1028-3,37.5162407,126.8521196
목동문화체육센터,서울 강서구 가양동 448-1,37.5663502,126.8525524
신정2동주민센터,서울 강서구 화곡동 24-266,37.54208,126.84656
양화초등학교,서울 강서구 화곡동 1076-14,37.54208,126.84656
신정롯데캐슬아파트,서울 강서구 등촌동 705-4,37.5498936,126.86025
신목동역,서울 강서구 화곡동 994-5,37.54208,126.84656
송정역 4번,서울 강서구 화곡동 662-19,37.54208,126.84656
공항시장역 1번,서울 강서구 가양동 451-7,37.5663502,126.8525524
방화초등학교,서울 강서구 화곡동 890,37.54208,126.84656
방화역 3번,서울 강서구 화곡동 953-1,37.54208,126.84656
개화산역 1번,서울 강서구 등촌동 63-19,37.5498936,126.86025
송정역 3번,서울 강서구 화곡동 860-4,37.54208,126.84656
공항시장역 3번,서울 강서구 화곡동 1149,37.54208,126.84656
방화역 2번,부산 해운대구 좌동 1324,35.1781799,129.1759973
송정역 2번,서울 강서구 등촌동 642-1,37.5498936,126.86025
신방화역 2번,서울 강서구 등촌동 520-5,37.5498936,126.86025
신방화역 8번,서울 강서구 화곡동 845-19,37.54208,126.84656
방화역 1번,서울 강서구 가양동 1488-9,37.5663502,126.8525524
공항고등학교,서울 강서구 화곡동 809-3,37.54208,126.84656
정곡초등학교,서울 강서구 등촌동 608-1,37.5498936,126.86025
강서구다솔마을,서울 강서구 등촌동 648-4,37.5498936,126.86025
신광명마을,서울 강서구 염창동 255,37.55534725,126.87252829335478
우장산역 4번,서울 강서구 염창동 282-41,37.55534725,126.87252829335478
푸른들청소년도서관,서울 구로구 온수동 51-21,37.4945527,126.820444
화곡역 5번,서울 구로구 온수동 119-11,37.4945527,126.820444
양천향교역 7번,서울 구로구 궁동 110-1,37.5006694,126.8280726
우장산역 1번,서울 구로구 궁동 147-1,37.5006694,126.8280726
우장산힐스테이트,서울 구로구 오류동 343,37.4910095,126.8377379
화원중학교,서울 구로구 궁동 213-42,37.5006694,126.8280726
양천향교역 2번,서울 구로구 오류동 81-130,37.4910095,126.8377379
화곡역 2번,서울 구로구 오류동 66,37.4910095,126.8377379
까치산역 4번,서울 구로구 개봉동 24-2,37.4931629,126.851736
발산역 5번,서울 구로구 오류동 56-39,37.4910095,126.8377379
까치산역 3번,경기 수원시 권선구 권선동 1044,37.252127599999994,127.03209118341849
양천향교역 5번,서울 구로구 개봉동 134-8,37.4931629,126.851736
화곡초등학교,서울 구로구 오류동 66,37.4910095,126.8377379
화곡역 4번,서울 구로구 개봉동 360-7,37.4931629,126.851736
등촌3동주민센터,서울 구로구 고척2동 217,37.50470255,126.85435254593772
강서새말어린이공원,서울 구로구 고척동 129-3,37.5034631,126.8585846
까치산역 1번,서울 구로구 고척2동 156-2,37.50470255,126.85435254593772
우장산롯데캐슬아파트앞,서울 구로구 개봉동 266,37.4931629,126.851736
강서구청옆,서울 구로구 개봉동 415,37.4931629,126.851736
곰달래도서관,서울 구로구 고척동 76-2,37.5034631,126.8585846
KC대학교,경기 의정부시 고산동 464,37.73143,127.10433
가양역 10번,서울 구로구 신도림동 692,37.50941,126.88285
화곡2동주민센터,서울 구로구 신도림동 294-20,37.50941,126.88285
화곡보람2차아파트,서울 구로구 구로동 478-1,37.4945849,126.8845477
신곡초등학교,서울 구로구 구로동 409-60,37.4945849,126.8845477
등촌1동주민센터,서울 구로구 가리봉동 25-202,37.4838745,126.8889756
백석중학교,서울 구로구 구로동 443,37.4945849,126.8845477
뜸부기어린이공원,서울 금천구 가산동 50-3,37.4751631,126.88629613586181
강서구청가양동별관,서울 구로구 구로동 109-4,37.4945849,126.8845477
화곡4동주민센터,서울 구로구 구로동 317-87,37.4945849,126.8845477
등촌역 7번,서울 구로구 구로동 102,37.4945849,126.8845477
등촌역 1번,서울 구로구 구로동 801-52,37.4945849,126.8845477
염창무학아파트,서울 구로구 구로동 45-13,37.4945849,126.8845477
염창역 2번,서울 구로구 구로동 145-20,37.4945849,126.8845477
온수역 5번(온수산업단지),서울 영등포구 도림동 269-4,37.50872,126.90113
온수역 1번,서울 구로구 가리봉동 136-80,37.4838745,126.8889756
온수역 8번,인천 연수구 송도동 24-4,37.3851499,126.6457433
오류고등학교,서울 금천구 가산동 235-3,37.4751631,126.88629613586181
서울공연예술고등학교,서울 금천구 가산동 144-3,37.4751631,126.88629613586181
금강수목원아파트,서울 금천구 독산동 1002-5,37.468399,126.8979571
수궁동주민센터,서울 금천구 가산동 429-1,37.4751631,126.88629613586181
천왕역 3번(오류2동주민센터 서울오류남초등학교),서울 금천구 시흥동 113-142,37.4507049,126.9085555
오류지구대,서울 금천구 시흥동 995-2,37.4507049,126.9085555
오류동역 3번,서울 금천구 독산동 1055,37.468399,126.8979571
오류2동버들시장,서울 관악구 신림동 757-5,37.48682825,126.92826657522511
개봉중학교,서울 금천구 독산3동 953-9,37.4756401,126.90508695207771
큰굴다리,서울 금천구 독산동 982,37.468399,126.8979571
오류동역 4번,서울 금천구 시흥동 983-8,37.4507049,126.9085555
세곡초등학교,서울 금천구 시흥동 871-24,37.4507049,126.9085555
개봉1동주민센터,서울 금천구 독산동 1043-51,37.468399,126.8979571
오류동역 1번,서울 금천구 독산4동 191-1,37.4695888,126.90403541006063
개봉3동주민센터,서울 금천구 독산동,37.468399,126.8979571
개웅초등학교(개웅중학교),부산 북구 만덕동 923,35.2116694,129.0355986
덕의초등학교,서울 금천구 독산동 906-41,37.468399,126.8979571
고척초등학교,서울 금천구 시흥동 792-1,37.4507049,126.9085555
고척동성당,서울 금천구 시흥동,37.4507049,126.9085555
개봉역,서울 영등포구 문래동6가 44,37.51938,126.88467
고척중학교,경기 양평군 양평읍 양근리 130-37,37.50424,127.49492
고산초등학교,서울 영등포구 문래동6가,37.51938,126.88467
그라운드 고척,서울 영등포구 당산동6가 227-1,37.53644,126.89902
구로창업지원센터,서울 영등포구 문래동2가 35,37.5128036,126.8929788
화원어린이공원,서울 영등포구 당산동6가 227-1,37.53644,126.89902
구로119안전센터,서울 영등포구 도림동 269-4,37.50872,126.90113
남구로역 3번,서울 영등포구 문래동3가 68-1,37.51702,126.89591
구로초등학교,서울 영등포구 문래동1가,37.51217,126.89799
남구로역 5번,서울 영등포구 대림동 807-4,37.4957573,126.899936
구로보건소,서울 영등포구 도림동 222-7,37.50872,126.90113
구로4동주민센터,서울 영등포구 대림동 611,37.4957573,126.899936
구로구민회관,서울 영등포구 당산동2가 164-2,37.5224036,126.89391
구로나눔길,서울 영등포구 대림동 697-2,37.4957573,126.899936
남구로역 2번,서울 영등포구 대림동 657,37.4957573,126.899936
한국SGI본부,서울 영등포구 당산동6가 227-1,37.53644,126.89902
영서중학교,서울 영등포구 당산동4가 96,37.52915,126.89894
대림역 2번,경남 김해시 대동면 초정리 173,35.24204,128.9837
가리봉파출소,서울 영등포구 대림3동 741-3,37.50012165,126.8972775283541
G타워,서울 영등포구 문래동1가 23-1,37.51217,126.89799
가산디지털단지역 1번 출입구,서울 구로구 구로동 119-1,37.4945849,126.8845477
금천구립가산도서관,서울 영등포구 대림동 1119,37.4957573,126.899936
가산동주민센터,서울 영등포구 신길동 389,37.50556,126.91278
금천철쭉어린이공원(금하마을),경남 진주시 인사동 167-1,35.1910153,128.0749263
독산역 1번 출입구,서울 영등포구 영등포동6가 10-1,37.52153,126.90299
두산초등학교,서울 구로구 신도림동 692,37.50941,126.88285
가산동우체국,서울 영등포구 대림동 968,37.4957573,126.899936
서울축산농협 독산역지점(독산파출소),서울 영등포구 영등포동 647,37.5222786,126.90785736304467
금천구청역 1번 출입구,서울 영등포구 당산동6가 217-1,37.53644,126.89902
가산초등학교(세일중학교),서울 영등포구 신길동 268-4,37.50556,126.91278
금천어울림복지센터,서울 영등포구 영등포동1가 35,37.51509,126.91423
금천파출소,서울 영등포구 대림동 978-13,37.4957573,126.899936
말미고개,서울 영등포구 대림동 899-2,37.4957573,126.899936
독산119안전센터,서울 영등포구 신길동 399,37.50556,126.91278
금천세무서,서울 영등포구 도림동 269-4,37.50872,126.90113
문성초등학교,서울 영등포구 대림동 909-2,37.4957573,126.899936
시흥3동 우편취급국,서울 영등포구 당산동 121-22,37.5346241,126.9065487
금천해태공원,경기 구리시 교문동 396-1,37.5875737,127.1275277
KT금천빌딩(금천구시설관리공단),서울 영등포구 신길동 4668,37.50556,126.91278
시흥초등학교(시흥1동우체국),서울 영등포구 도림동 269-4,37.50872,126.90113
독산동성당,서울 영등포구 영등포동 592-70,37.5222786,126.90785736304467
독산동정훈단지,서울 영등포구 영등포동2가 94-215,37.52125,126.91222
금천금빛공원(은행나무사거리서측),서울 영등포구 신길동,37.5065214,126.91191077679022
석수역 1번 출입구,서울 영등포구 신길동 192-2,37.50556,126.91278
백산초등학교,서울 영등포구 신길동 2802-1,37.50556,126.91278
금산초등학교(금천고등학교),서울 영등포구 신길동 238-37,37.50556,126.91278
난곡중학교,서울 영등포구 영등포동1가 35,37.51509,126.91423
한울중학교,서울 영등포구 여의도동 2-1,37.5267088,126.9238
시흥동 은행나무사거리,서울 영등포구 신길동 176,37.50556,126.91278
삼성산자연공원(서울금천초등학교),서울 영등포구 신길동 121,37.50556,126.91278
동일여자고등학교,서울 영등포구 신길동 4884,37.50556,126.91278
문래중학교,서울 영등포구 신길동 4217,37.50556,126.91278
양평역 2번,서울 영등포구 대림동 727-5,37.4957573,126.899936
문래소공원,서울 영등포구 신길동 1200-1,37.50556,126.91278
문래예술촌(문래창작촌),서울 영등포구 신길동 1196,37.50556,126.91278
선유도역 6번,서울 영등포구 신길동 1372,37.50556,126.91278
문래동남성맨션,서울 영등포구 신길동 4884,37.50556,126.91278
선유도역 1번,서울 동작구 신대방동 643-1,37.4955756,126.9195788
영등포구청역 2번,서울 관악구 신림동 1640-6,37.48682825,126.92826657522511
문래역 3번,서울 동작구 대방동 375-1,37.5067997,126.92913492678356
문래동사거리,서울 동작구 대방동 400-7,37.5067997,126.92913492678356
대림역 5번,서울 동작구 대방동 406-10,37.5067997,126.92913492678356
도림동주민센터,서울 동작구 대방동 117-4,37.5067997,126.92913492678356
도림2동유수지내체육시설,서울 관악구 신림동 11-17,37.48682825,126.92826657522511
대림차이나타운(대림역 12번),서울 영등포구 신길동 4884,37.50556,126.91278
영등포구청역 6번,서울 동작구 상도동 345-8,37.4988159,126.9441045
대림역 11번,서울 동작구 노량진동 44-32,37.5110101,126.9414634
신우어린이공원,서울 동작구 상도동 26-20,37.4988159,126.9441045
당산역 13번,경기 부천시 상동 418,37.4965503,126.7510536
당산반도유보라팰리스아파트,서울 동작구 상도동 202-59,37.4988159,126.9441045
대동초등학교,서울 동작구 노량진동 51,37.5110101,126.9414634
도신초등학교,서울 동작구 상도1동 752-2,37.49993085,126.95219024134829
구로세무서,서울 동작구 노량진동 325-5,37.5110101,126.9414634
구로디지털단지역 4번,서울 동작구 상도1동 742-3,37.49993085,126.95219024134829
대림갑을명가아파트,서울 동작구 상도1동 676-3,37.49993085,126.95219024134829
신길대성유니드아파트,서울 관악구 봉천동 853-4,37.484665,126.9484961
대림한신아파트,서울 동작구 상도동 513-3,37.4988159,126.9441045
영등포시장역 4번,서울 동작구 흑석동 221,37.5064393,126.963687
영등포시장역 1번,서울 동작구 흑석동 86,37.5064393,126.963687
신대림초등학교,서울 동작구 흑석동 50-91,37.5064393,126.963687
영등포푸르지오아파트,서울 동작구 사당5동 228-11,37.4859456,126.96526716739251
당산역 8번,서울 동작구 흑석동 269-1,37.5064393,126.963687
영등포시장역 3번,서울 관악구 봉천동 853-4,37.484665,126.9484961
대림성모병원,전북 완주군 구이면 항가리 361,35.71726,127.11654
대림1동주민센터,서울 동작구 사당동 316-37,37.4856963,126.9723525
신풍역 3번,서울 동작구 사당동 1032-32,37.4856963,126.9723525
영등포역 2번,서울 동작구 사당동 1032-32,37.4856963,126.9723525
대림썬프라자,서울 동작구 사당동 144-4,37.4856963,126.9723525
영동초등학교,서울 관악구 조원동 1660,37.4836329,126.90808023201495
도림초등학교,서울 관악구 신림동 568-27,37.48682825,126.92826657522511
한림대학교한강성심병원,서울 관악구 신림동 518,37.48682825,126.92826657522511
KT대방빌딩,서울 관악구 신림동 768-21,37.48682825,126.92826657522511
신풍역 2번,서울 관악구 신림동 763-9,37.48682825,126.92826657522511
영등포본동주민센터,서울 관악구 신림동 11-17,37.48682825,126.92826657522511
영등포동성당,서울 관악구 신림동 672,37.48682825,126.92826657522511
신풍역 6번(신길6동공영주차장),서울 관악구 신림동 1690,37.48682825,126.92826657522511
신길동홍어거리,서울 관악구 신림동 492-4,37.48682825,126.92826657522511
신길2동우편취급국,서울 관악구 신림동 593,37.48682825,126.92826657522511
신풍역 1번,서울 관악구 신림동 1715,37.48682825,126.92826657522511
신길새마을금고신길4동지점,서울 관악구 신림동 652-156,37.48682825,126.92826657522511
신길역 3번,서울 관악구 신림동 1601-3,37.48682825,126.92826657522511
장훈고등학교,서울 관악구 봉천동 682,37.484665,126.9484961
영신초등학교,서울 관악구 신림동 1422-38,37.48682825,126.92826657522511
보라매역 4번,서울 관악구 신림동 1557-1,37.48682825,126.92826657522511
신길6동주민센터,서울 관악구 신림동 1694,37.48682825,126.92826657522511
보라매역 6번,서울 관악구 신림동 11-17,37.48682825,126.92826657522511
공군호텔,서울 관악구 청룡동 1558-1,37.47748995,126.94599986082332
대방역 6번,서울 관악구 신림동 103-141,37.48682825,126.92826657522511
대방역 4번,서울 관악구 청룡동 1539-1,37.47748995,126.94599986082332
신대방역 3번,서울 관악구 봉천동 926-33,37.484665,126.9484961
신대방역 4번,서울 관악구 봉천동 491-5,37.484665,126.9484961
성남고등학교,서울 관악구 봉천동 41-538,37.4837516,126.9480209
보라매역 2번,서울 관악구 봉천동,37.47500635,126.95714040086992
신대방삼거리역 4번(대림초등학교),서울 관악구 봉천동 1706,37.484665,126.9484961
신대방삼거리역 3번,서울 관악구 봉천동 858-14,37.484665,126.9484961
대방역 3번,서울 관악구 남현동 1061-29,37.4715479,126.9764934
신대방삼거리역 1번,서울 서초구 방배동 3277,37.4798789,126.9939103
장승배기역 4번,서울 관악구 남현동 602-40,37.4715479,126.9764934
NH농협은행 상도동지점,서울 서초구 방배동 1514,37.4798789,126.9939103
노량진역 6번,서울 서초구 방배동 861-1,37.4798789,126.9939103
장승배기역 5번,서울 서초구 반포동 817,37.50312,127.0014
상도초등학교,서울 서초구 방배2동 2727,37.4724988,126.98463508326148
상도4동주민센터,서울 관악구 남현동 602-40,37.4715479,126.9764934
노량진초등학교,서울 서초구 방배동 599,37.4798789,126.9939103
상도역 2번,서울 서초구 방배동 32-2,37.4792491,126.9844091
동작구자원봉사센터,서울 서초구 방배동 874-16,37.4798789,126.9939103
상도역 1번,서울 서초구 방배동 771,37.4798789,126.9939103
상도역 5번,서울 서초구 방배동 874-16,37.4798789,126.9939103
숭실대입구역 1번,서울 서초구 반포동 114-2,37.50312,127.0014
상도1동주민센터앞,서울 서초구 방배동 2525,37.4798789,126.9939103
숭실대입구역 4번,서울 서초구 방배동 875-8,37.4798789,126.9939103
중앙대학교,서울 서초구 반포동 98-2,37.50312,127.0014
중대부중,서울 서초구 방배동 984-1,37.4798789,126.9939103
흑리단길,서울 서초구 방배동 984-1,37.4798789,126.9939103
사당5동주민센터,서울 서초구 서초동 1528,37.48818,127.01751
흑석2치안센터,서울 서초구 서초동 1466-5,37.48818,127.01751
사당종합체육관,서울 서초구 잠원동 100-1,37.518254400000004,127.01240284968915
남성역 1번,서울 서초구 서초동 1560-9,37.48818,127.01751
예술인마을,서울 서초구 서초동 1676-4,37.48818,127.01751
양지어린이공원,서울 서초구 서초동 1634-1,37.48818,127.01751
이수역 10번,서울 서초구 서초동 391,37.48818,127.01751
사당역 10번,서울 서초구 서초동 1437-1,37.48818,127.01751
경문고등학교(동작동성당),서울 서초구 우면동 63,37.4647545,127.0188666
이수역 9번,서울 서초구 서초동 1355,37.48818,127.01751
KT구로지사,서울 서초구 양재동 105,37.46838,127.0361
조원동주민센터,서울 서초구 양재동 323-1,37.46838,127.0361
신대방역 2번,서울 서초구 양재동 309,37.46838,127.0361
미성초등학교,서울 서초구 원지동,37.44499,127.04933
미성동주민센터,서울 서초구 잠원동,37.518254400000004,127.01240284968915
신대방역 1번,서울 강남구 역삼동 701-1,37.49988,127.03856
난향초등학교,서울 강남구 신사동 558,37.52232055,127.02770186675215
호림박물관(성보고등학교),서울 강남구 논현동 137-18,37.5123018,127.0294935
관악구신사동주민센터,서울 강남구 논현동 26,37.5123018,127.0294935
난곡초등학교(난곡동벽화마을),서울 강남구 역삼동 635,37.49988,127.03856
난우초등학교,서울 강남구 논현동 168,37.5123018,127.0294935
신림우방아파트,서울 서초구 서초동 1373,37.48818,127.01751
남강고등학교(남강중학교),서울 강남구 논현동 69,37.5123018,127.0294935
난우중학교,서울 강남구 역삼동 646-17,37.49988,127.03856
국제신학대학원대학교(남서울중학교),서울 강남구 신사동 621,37.52232055,127.02770186675215
남부초등학교,서울 강남구 도곡동 938-10,37.4878395,127.0438569
신림역 5번(신림동주민센터 신림동별빛거리),서울 강남구 신사동 604,37.52232055,127.02770186675215
신림주공2단지(광신고등학교),서울 강남구 역삼동 795-41,37.49988,127.03856
신원동주민센터,서울 강남구 도곡동 551,37.4878395,127.0438569
신림초등학교,서울 서초구 서초동 1374,37.48818,127.01751
당곡중학교,서울 강남구 논현동 114-24,37.5123018,127.0294935
원신초등학교(구세군관악영문교회),서울 강남구 역삼동 804,37.49988,127.03856
보라매동주민센터(당곡고등학교),서울 강남구 삼성동 58-2,37.5147838,127.0543618
서원동주민센터(신관중학교),서울 강남구 역삼동 725-13,37.49988,127.03856
신림역 8번,경기 화성시 반송동 81,37.19469,127.07526
미림여고,서울 강남구 역삼동 804,37.49988,127.03856
신림현대아파트,서울 강남구 역삼동 783-21,37.49988,127.03856
신림역 1번,서울 서초구 잠원동 87-1,37.518254400000004,127.01240284968915
구립대학경로당(관악산샘말공원),서울 강남구 삼성동 28,37.5147838,127.0543618
신성초등학교,서울 서초구 서초동 1366-4,37.48818,127.01751
은천초등학교(은천교앞),서울 강남구 청담동 27,37.52054645,127.0477924017978
봉천역 4번(봉천110안전센터),서울 강남구 개포동 1237-1,37.48421,127.07006
영락고등학교,서울 강남구 청담동 142,37.52575355,127.0523217253381
관악해태어린이공원,서울 강남구 삼성동 20-2,37.5147838,127.0543618
서울산업정보학교(서울삼성초등학교),서울 강남구 개포동 1272,37.48421,127.07006
청룡동주민센터,서울 강남구 청담동 66,37.52575355,127.0523217253381
봉천역 6번,서울 강남구 삼성동 159,37.5147838,127.0543618
봉천역 1번(관악초등학교),서울 강남구 청담동 77-4,37.52575355,127.0523217253381
구암초등학교,서울 강남구 삼성동 111-185,37.5147838,127.0543618
관악구 중앙길,서울 강남구 대치동 901-12,37.49882,127.06566
관악소방서(문영여고),서울 강남구 청담동 73-2,37.52575355,127.0523217253381
관악동부센트레빌아파트(은천로35라길),서울 강남구 역삼동 804,37.49988,127.03856
관악우성아파트,서울 강남구 개포동 173,37.48421,127.07006
서울대입구역 8번,서울 강남구 대치동 995,37.49882,127.06566
청림동주민센터(상도중학교),서울 강남구 대치동 980-9,37.49882,127.06566
낙성대역 5번(관악중학교),경남 김해시 대청동 319-3,35.18612,128.77615
낙성대역 1번(관악구민 종합체육센터),서울 강남구 세곡동 369-3,37.4708665,127.10335105674744
인헌고등학교(인헌중학교),서울 강남구 율현동 308-1,37.4714,127.1113
사당역 4번,서울 강남구 율현동 123-1,37.4714,127.1113
방배아이파크아파트,서울 송파구 잠실동 347,37.5122807,127.0855986
이수역 5번,서울 강남구 수서동 725,37.48445,127.09838
방배노인종합복지관(이수중학교),서울 송파구 삼전동 23,37.5014521,127.0901512
서문여고,서울 강남구 수서동 725,37.48445,127.09838
방배초등학교,서울 송파구 삼전동 90,37.5014521,127.0901512
구반포역,서울 송파구 삼전동 23,37.5014521,127.0901512
남태령역(서울전자고등학교),서울 송파구 가락동 479,37.49672,127.11744
내방역 5번,서울 송파구 석촌동 209,37.5024827,127.103495
방배배수지체육공원,서울 송파구 신천동 15,37.5184928,127.1030779
방배동사이길,서울 송파구 석촌동 209,37.5024827,127.103495
방현초등학교(방배119안전센터),서울 송파구 송파동 68,37.50479,127.11369
내방역 6번,서울 송파구 잠실동 41,37.5122807,127.0855986
서래초등학교,서울 송파구 송파동 188-4,37.50479,127.11369
내방역 4번,서울 송파구 석촌동 209,37.5024827,127.103495
서초소방서,서울 송파구 풍납1동 165,37.53803525,127.11582716879698
방배역 3번,서울 송파구 방이동 11,37.5141564,127.1195472
내방역 8번,서울 송파구 방이동 184-8,37.5141564,127.1195472
방배역 2번(백석예술대학교),서울 강남구 수서동 725,37.48445,127.09838
서울프랑스학교,서울 송파구 문정동 652-1,37.48434,127.12246
내방역 1번,서울 송파구 문정동 55-13,37.48434,127.12246
반포4동주민센터(몽마르뜨공원),서울 송파구 방이동 184-8,37.5141564,127.1195472
서초중학교,서울 송파구 오금동 51,37.50355,127.13379
신중초등학교,서울 송파구 오금동 17-19,37.50355,127.13379
잠원역,서울 송파구 문정동 141-1,37.48434,127.12246
서초우방유쉘아파트,서울 송파구 오금동 59,37.50355,127.13379
남부터미널역 1번,서울 송파구 가락동 185,37.49672,127.11744
서초동성당,서울 송파구 오금동 162,37.50355,127.13379
삼성전자서울R&D(서울우면초등학교),서울 강북구 번동 235,37.62929,127.03684
서울시인재개발원,서울 송파구 오금동 108,37.50355,127.13379
한국상담대학원대학교,서울 송파구 거여동 20-14,37.48921,127.14667
우면주공아파트,서울 송파구 마천동 13-11,37.49803,127.15167
한전아트센터,부산 수영구 남천동 69-27,35.1446789,129.1100882
더케이호텔(양재리본타워2단지아파트),서울 노원구 공릉1동 589-4,37.623422149999996,127.07389340053734
방아다리근린공원(횃불트리니티신학대학원대학교),서울 송파구 마천1동 183-4,37.495254700000004,127.15521504639344
바우뫼공원,서울 송파구 마천동 207-10,37.49803,127.15167
양재역 8번(양재동우체국),서울 강동구 성내동 320-7,37.52998,127.12875
양재근린공원(양재2동주민센터),서울 강동구 성내동 49-14,37.52998,127.12875
언남고등학교,서울 강동구 암사2동 186-1,37.55816585,127.12326494854216
염곡동 구룡사(포이동성당),서울 강동구 천호동 566,37.54294,127.12733
법제교육센터(버들어린이공원),서울 강동구 성내동 530,37.52998,127.12875
서울나래학교(염곡어린이공원),서울 강동구 암사동 501-2,37.5582352,127.1308542
본마을노인복지센터(서초구립내곡도서관),서울 강동구 천호동 174-1,37.54294,127.12733
청계산원터골,서울 강동구 성내동 450-39,37.52998,127.12875
헌인가구단지,서울 강동구 성내동 385,37.52998,127.12875
한남IC,서울 강동구 길동 445,37.5398309,127.14661060476558
논현역 7번,서울 강동구 천호동 76-2,37.54294,127.12733
신사은행나무공원,서울 강동구 천호동 224-21,37.54294,127.12733
학동근린공원,서울 강동구 명일동 47-19,37.54841,127.15158
국기원,서울 강동구 길동 391-4,37.5398309,127.14661060476558
논현초등학교,서울 강동구 둔촌동 65,37.5289579,127.1447659
언주역 8번,서울 강동구 상일동 513-2,37.55073,127.1704
언북중학교,서울 강동구 명일동 345-12,37.54841,127.15158
역삼역 4번,서울 강동구 암사동 512-22,37.5582352,127.1308542
신구중학교,서울 강동구 둔촌동 630,37.5289579,127.1447659
은광여고,서울 강동구 둔촌동 6-2,37.5289579,127.1447659
언주역 3번,서울 강동구 길동 474,37.5398309,127.14661060476558
도산공원북측,서울 강동구 길동 92,37.5398309,127.14661060476558
역삼월드메르디앙아파트,서울 강동구 상일동 166,37.55073,127.1704
싸리고개근린공원,서울 강동구 고덕동 177,37.56528,127.15761
언주역 6번,서울 강동구 강일동 678,37.56723,127.1713
논현2동주민센터,서울 종로구 평동 210,37.5683558,126.9669813
역삼역 8번,서울 종로구 내자동 11-1,37.57522,126.97146
강남구청역 2번,서울 종로구 세종로 1-68,37.5757452,126.9766915
베르사이유1아파트,서울 종로구 수송동 146-12,37.57371,126.98093
선정릉역 4번,서울 종로구 종로1가 54,37.57032,126.98209
강남세브란스병원미래의학연구센터,서울 종로구 안국동 133,37.57721,126.98363
강남구청역 4번,서울 종로구 인사동 43,37.5716543,126.9864242
언주중학교,서울 종로구 종로3가 10-5,37.570667,126.9920263
매봉역 1번,서울 종로구 원남동,37.57538,126.99723
언북초등학교,서울 종로구 종로4가,37.57036,126.99771
논현로18길,서울 종로구 혜화동 180,37.58755,127.00217
도곡2동주민센터(대치중학교),서울 종로구 연건동,37.5784056,126.9999208
청담초등학교,서울 종로구 종로5가 82-1,37.57049,127.00301
개포지구대옆,서울 종로구 종로6가 69,37.57174,127.00681
국악고교사거리,서울 종로구 창신동 492-1,37.57595,127.01313
강남구보훈회관,서울 종로구 숭인동 117,37.57648,127.01848
국립국악고등학교,서울 중구 남대문로5가 67-4,37.5562433,126.9751334
포이초등학교(개포목련어린이공원),서울 중구 의주로1가,37.56509,126.96799
청담근린공원,서울 중구 태평로2가 353-1,37.5645479,126.9766825
삼성중앙역 7번,서울 중구 태평로2가 113-1,37.5645479,126.9766825
영동대교남단,서울 중구 태평로2가 113-1,37.5645479,126.9766825
청담역 3번,서울 중구 태평로1가 31,37.56727,126.977
대치동아우편취급국,서울 중구 남창동 64-1,37.55771,126.97753
청담역 12번,서울 중구 을지로1가 100-1,37.56565,126.97992
삼성중앙역 5번,서울 중구 남산동2가 15-27,37.55841,126.98532
도곡초등학교,서울 중구 명동2가,37.5628575,126.9851914
개포지하차도 북측,서울 중구 을지로2가 181,37.56541,126.98584
개포고등학교,서울 중구 을지로3가 347-3,37.56597,126.99195
봉은사역 4번,서울 중구 필동2가 16-2,37.5579073,126.9947847
대치2동주민센터,서울 중구 을지로4가 267-1,37.56573,126.99734
대청초등학교,서울 중구 장충동2가 173-3,37.5541467,127.0002445
은곡마을(은곡마을공원),서울 중구 을지로7가 112-3,37.56629,127.00897
윗방죽마을공원,서울 중구 신당동 369-44,37.565196900000004,127.01321661206495
대왕초등학교(세곡동사거리서남측),서울 중구 신당동 99,37.565196900000004,127.01321661206495
아래방죽마을공원(율현초등학교),서울 용산구 한강로2가 15-2,37.53142,126.9685
한국교통안전공단 강남자동차검사소,서울 용산구 한강로2가 181,37.53142,126.9685
삼전역 4번,서울 용산구 갈월동 96-1,37.54487,126.9715441
삼전역 1번,서울 용산구 동자동 43-205,37.55112,126.97251
삼전역 3번,서울 용산구 한강로1가 228-1,37.53517,126.97404
석촌고분역 1번,서울 용산구 남영동 2,37.54508045,126.97488842324077
석촌고분역 4번,서울 용산구 이태원동 119-23,37.53842,126.992
석촌고분역 3번,서울 용산구 한남동,37.53822,127.0074
송파책박물관,서울 성동구 금호동4가 1470,37.54479,127.02339
석촌역 7번,서울 성동구 행당동 287-15,37.55783,127.03571
잠실나루역,서울 성동구 성수동1가 656-436,37.5435,127.03742
석촌역 6번,서울 성동구 성수동1가 656-745,37.5435,127.03742
송파나루역 1번(송리단길),서울 성동구 성수동2가 300-1,37.54048,127.05601
송파나루역 2번,서울 광진구 화양동 7-3,37.54408,127.06895
석촌역 3번,서울 광진구 화양동 164-1,37.54408,127.06895
송파역 2번,서울 광진구 능동 275-5,37.55444,127.08156
송파나루역 3번,서울 광진구 구의동 245-24,37.54417,127.09262
풍납초등학교(풍납백제문화공원),서울 광진구 능동 256-16,37.55444,127.08156
한성백제역 3번,서울 광진구 구의동,37.54448955,127.08746775824949
방이동고분군(방산고등학교),서울 광진구 광장동,37.54711,127.10414
방이역 4번,서울 동대문구 신설동 76-5,37.573478,127.0257068
석촌중학교(방이육교),서울 동대문구 전농동 620-69,37.5806,127.05543
문정역 1번,서울 동대문구 회기동 1-5,37.59433,127.05178
경찰병원역 4번(건너말공원),서울 동대문구 휘경동 317-101,37.58773,127.06526
경찰병원역 3번,서울 동대문구 장안동 472-3,37.57105,127.06806
문정역 2번,서울 동대문구 장안동,37.57105,127.06806
문정초등학교,서울 중랑구 면목동 495,37.58178,127.09034
문현중학교(장지역 1번),서울 중랑구 상봉동 100-9,37.60002,127.09283
오금역 4번,서울 성북구 삼선동1가 14,37.58446,127.00809
방이역 2번,서울 성북구 삼선동5가 411,37.58811,127.01573
장지동주민센터(한림연예예술고교),서울 성북구 돈암동 173-1,37.59742,127.01841
방이역 1번,서울 강북구 미아동 14-2,37.628995,127.02575433718266
문정동성당,서울 성북구 안암동5가 146-1,37.5887938,127.0300906
오동나무공원(송파레미니스1단지),서울 성북구 하월곡동 35-1,37.60444,127.03764
오금공원(오주중학교),서울 강북구 수유동 140,37.6352212,127.0090642
투구봉어린이공원,서울 강북구 미아동 194-1,37.628995,127.02575433718266
Sh수협은행 오금동금융센터(아랫말어린이공원),서울 강북구 미아동 66-1,37.628995,127.02575433718266
보인중학교,서울 도봉구 창동 135-1,37.64643,127.04326
벌말어린이공원,서울 노원구 상계동 650,37.66727,127.07242
거여초등학교,서울 노원구 상계동 602-5,37.66727,127.07242
거여역 8번,서울 노원구 상계동 761-1,37.66727,127.07242
거여역 1번(거여공원),서울 노원구 중계동 508,37.64802,127.07678
마천공원,서울 노원구 공릉동 385-4,37.63021,127.08818
남천초등학교,서울 노원구 중계동,37.65098145,127.08102589582589
개미어린이공원,서울 노원구 공릉동 616-4,37.63021,127.08818
마천역(마천초등학교),서울 은평구 신사동 22-15,37.59547,126.90718
마천1치안센터,서울 은평구 구산동 1,37.61228115,126.90826582986259
천호역 1번(천호문구완구거리),서울 은평구 진관동 67-26,37.642116900000005,126.93543045855546
천호지구대(천호동자전거거리),서울 은평구 갈현동 397,37.62058,126.91102
강동구청(강동구청역 2번),서울 은평구 응암동 87-14,37.59418,126.92555
천호역 6번,서울 은평구 대조동 13-10,37.61260825,126.92277815383503
암사역 3번(천호동자전거거리),인천 서구 공촌동,37.55095,126.69262
성내천어린이공원(하니사랑길),서울 서대문구 홍제동 161-1,37.5871,126.94676
암사역 4번(삼성광나루아파트),서울 마포구 염리동 8-78,37.54914,126.94915
선사초등학교,서울 서대문구 충정로3가 319-1,37.5618374,126.9616577
천호태영아파트,서울 마포구 상암동 35-3,37.57157235,126.87280634672527
천호공원(해공체육문화센터),서울 마포구 성산동 420,37.56775,126.90263
성내중학교,서울 마포구 망원동 378,37.55586,126.90087
강동역 4번(강풀만화거리),서울 마포구 서교동 393,37.5550706,126.92382487891514
암사역 2번(서울강동초등학교),서울 마포구 서교동 340-23,37.5550706,126.92382487891514
암사역 1번,서울 마포구 동교동 165,37.5571419,126.9261901
둔촌동역 3번(성내3동주민센터),서울 마포구 연남동 228-57,37.56265955,126.9226107018927
강동구립 천호도서관,서울 마포구 상수동 309-10,37.54743,126.92473
둔촌동역 4번,서울 마포구 도화동 160,37.5386394,126.94924282127039
천일초등학교,서울 마포구 공덕동 423-29,37.549927049999994,126.95928971994923
암사동성당(효정하나플러스아파트),서울 양천구 신정동 1231,37.5162407,126.8521196
강동구립성내도서관,서울 양천구 신정동 313-1,37.5162407,126.8521196
강동성심병원,서울 양천구 신정동 1074,37.5162407,126.8521196
천호1동주민센터,서울 강서구 화곡동,37.542134000000004,126.84417516520307
천호초등학교,서울 강서구 등촌동 666-94,37.5498936,126.86025
천동초등학교,서울 양천구 목동 406-30,37.53608,126.87585
굽은다리역 1번(십자성마을),서울 양천구 목동 925,37.53608,126.87585
둔촌동역 1번(한산중학교),서울 강서구 방화동 886,37.57682,126.81422
명일역 1번,서울 강서구 공항동 29-5,37.5556799,126.79312568532687
굽은다리역 2번,서울 강서구 외발산동 427,37.5476771,126.818987
둔촌2동주민센터,서울 강서구 마곡동 769-3,37.56619,126.8255083
길동주민센터(강동도서관),서울 강서구 마곡동 727-1496,37.56619,126.8255083
굽은다리역 4번,서울 강서구 화곡동 1089-54,37.54208,126.84656
둔촌고등학교(둔촌중학교),서울 강서구 화곡동 662-5,37.54208,126.84656
굽은다리역 3번,서울 강서구 화곡동 980-16,37.54208,126.84656
둔촌푸르지오아파트,서울 구로구 오류동 66,37.4910095,126.8377379
중앙보훈병원,서울 구로구 개봉동 481,37.4931629,126.851736
GS강동자이아파트,서울 구로구 구로동 585-3,37.4945849,126.8845477
길동신동아아파트,서울 금천구 가산동 127-34,37.4751631,126.88629613586181
묘곡초등학교(고덕아이파크아파트),서울 구로구 구로동 435,37.4945849,126.8845477
한영중고,서울 구로구 신도림동 460-26,37.50941,126.88285
고덕중학교(고덕2동주민센터),서울 구로구 구로동 810-3,37.4945849,126.8845477
고덕동성당,서울 구로구 구로동 810-3,37.4945849,126.8845477
상일여고(상일초등학교),서울 금천구 가산동 468-4,37.4751631,126.88629613586181
강일동주민센터,서울 금천구 독산동 770-4,37.468399,126.8979571
서대문역,서울 관악구 신림동,37.48682825,126.92826657522511
서촌(경복궁역),서울 영등포구 양평동2가 33-79,37.52357,126.88288
광화문역,서울 영등포구 당산동3가 270-1,37.52616,126.89724
종로구청,서울 영등포구 문래동3가,37.51702,126.89591
삼청동,서울 영등포구 당산동4가 93-6,37.52915,126.89894
종각역,서울 영등포구 대림동,37.4957573,126.899936
북촌(안국역),서울 영등포구 문래동3가 55-16,37.51702,126.89591
인사동,서울 영등포구 영등포동,37.5222786,126.90785736304467
종로3가역,서울 구로구 구로동 1204,37.4945849,126.8845477
원남동사거리,서울 영등포구 당산동6가 323-1,37.53644,126.89902
종로4가,서울 영등포구 영등포동4가 442,37.51777,126.90368
대학로(혜화역),서울 영등포구 영등포동 618,37.5222786,126.90785736304467
종로5가역,서울 동작구 대방동 466-51,37.5067997,126.92913492678356
종로6가,서울 영등포구 여의도동 1-6,37.5267088,126.9238
동대문역,서울 영등포구 여의도동 2-6,37.5267088,126.9238
동묘앞역(동묘),서울 영등포구 여의도동 60,37.5267088,126.9238
중림동,서울 동작구 신대방동 722,37.4955756,126.9195788
경찰청앞교차로,서울 동작구 대방동 406-10,37.5067997,126.92913492678356
시청역_1번,서울 동작구 노량진동 60-11,37.5110101,126.9414634
시청역_8번,서울 동작구 상도동 26-20,37.4988159,126.9441045
북창동(시청역_6번),서울 동작구 사당동 200-1,37.4856963,126.9723525
서울시청,서울 동작구 사당동 144-4,37.4856963,126.9723525
회현역,서울 관악구 신림동 1467-10,37.48682825,126.92826657522511
롯데백화점(시청광장 지하쇼핑센터),서울 관악구 대학동,37.453308250000006,126.9525963267653
을지로입구역,서울 관악구 봉천동 979-2,37.484665,126.9484961
명동역(명동재미로),서울 동작구 사당동 1129,37.4856963,126.9723525
명동(명동거리),서울 서초구 방배동 767-27,37.4798789,126.9939103
을지로2가,서울 서초구 방배동 874-16,37.4798789,126.9939103
중부경찰서(영화인의거리),서울 서초구 반포동 126,37.50312,127.0014
을지로3가역,서울 서초구 방배동 912-14,37.4798789,126.9939103
충무로역,서울 서초구 반포동 19-5,37.50312,127.0014
을지로4가역,서울 서초구 서초동,37.48844065,127.01644172675934
중구청(퇴계로4가),서울 서초구 서초동 1748-5,37.48818,127.01751
퇴계로5가,서울 서초구 반포동,37.50405035,127.00175976523576
장충동족발거리(남소영길),서울 서초구 서초동,37.48844065,127.01644172675934
동대문역사문화공원역,서울 서초구 서초동,37.48844065,127.01644172675934
약수역,서울 서초구 서초동,37.48844065,127.01644172675934
신당역,서울 서초구 반포동 749-18,37.50312,127.0014
용산전자상가(용산역),서울 서초구 서초동 1748-30,37.48818,127.01751
신용산역(용산역),서울 서초구 잠원동 87-1,37.518254400000004,127.01240284968915
숙대입구역(남영역 남영동),서울 강남구 역삼동 824-11,37.49988,127.03856
서울역,서울 강남구 신사동 667,37.52232055,127.02770186675215
삼각지역,서울 서초구 서초동 1366-9,37.48818,127.01751
남영동 먹자골목,서울 서초구 양재동 232,37.46838,127.0361
이태원(이태원역),서울 서초구 양재동 96-9,37.46838,127.0361
한남오거리,서울 서초구 양재동 261-24,37.46838,127.0361
금호역,서울 강남구 논현동 279-67,37.5123018,127.0294935
왕십리역(왕십리),서울 강남구 신사동 534-19,37.52232055,127.02770186675215
서울숲역,서울 강남구 역삼동 800,37.49988,127.03856
뚝섬역,서울 강남구 신사동 668,37.52232055,127.02770186675215
성수역,서울 강남구 역삼동 858,37.49988,127.03856
건대입구역(건대),서울 강남구 논현동 59,37.5123018,127.0294935
어린이대공원역,서울 강남구 논현동 279-67,37.5123018,127.0294935
군자역,서울 강남구 도곡동,37.4878395,127.0438569
구의역,서울 강남구 신사동,37.52232055,127.02770186675215
아차산역,서울 강남구 역삼동 650-9,37.49988,127.03856
구의사거리,서울 강남구 압구정동,37.5300432,127.0313346
구삼강변맛길,서울 강남구 논현동 71,37.5072393,127.0286351
강변역(테크노마트),서울 강남구 역삼동 804,37.49988,127.03856
올림픽대교북단,서울 강남구 역삼동,37.49988,127.03856
신설동역,서울 강남구 역삼동 800,37.49988,127.03856
청량리역(청량리),서울 강남구 청담동 77,37.52575355,127.0523217253381
경희대학교(경희대),서울 강남구 도곡동 174-3,37.4878395,127.0438569
회기역,서울 강남구 압구정동 495,37.5300432,127.0313346
장한평역(장한평),서울 강남구 삼성동 111-44,37.5147838,127.0543618
장안동사거리,서울 강남구 역삼동 804,37.49988,127.03856
사가정역,서울 강남구 도곡동 179-2,37.4878395,127.0438569
상봉역,대전 서구 탄방동 626,36.3450208,127.391157
한성대입구역,서울 강남구 삼성동 111-114,37.5147838,127.0543618
성북구청,서울 강남구 청담동,37.52575355,127.0523217253381
성신여대,서울 강남구 삼성동 172-66,37.5147838,127.0543618
미아사거리,서울 강남구 역삼2동 714,37.498529500000004,127.04488556982973
안암역,서울 강남구 대치동 1011-28,37.49882,127.06566
월곡역,서울 강남구 삼성동 111-147,37.5147838,127.0543618
수유역,서울 강남구 청담동 77-4,37.52575355,127.0523217253381
미아역,서울 강남구 대치동,37.4989205,127.0657856909771
미아사거리역,서울 강남구 청담동,37.52575355,127.0523217253381
창동역,서울 강남구 대치동,37.4989205,127.0657856909771
마들역,서울 강남구 삼성동 159,37.5147838,127.0543618
노원역,서울 강남구 대치동 316,37.49882,127.06566
상계백병원,서울 강남구 대치동 317-3,37.49882,127.06566
등나무근린공원,서울 강남구 삼성동 172,37.5147838,127.0543618
공릉역,서울 강남구 삼성동 172-66,37.5147838,127.0543618
은행사거리,서울 강남구 대치동,37.4989205,127.0657856909771
태릉입구역,서울 강남구 수서동 201-5,37.48445,127.09838
응암역,서울 송파구 잠실동 33,37.5122807,127.0855986
구산역,서울 송파구 삼전동 157-1,37.5014521,127.0901512
구파발역,서울 송파구 신천동 8,37.5184928,127.1030779
연신내역,서울 송파구 석촌동 209,37.5024827,127.103495
본서부병원,서울 송파구 방이동 95-4,37.5141564,127.1195472
불광역,서울 송파구 석촌동,37.5024827,127.103495
연희동,서울 송파구 가락동 600,37.49672,127.11744
신촌역(신촌역 신촌로터리),서울 송파구 방이동 2,37.5141564,127.1195472
홍제역,서울 송파구 신천동 19,37.5184928,127.1030779
이화여대(이대역 이대),서울 송파구 가락동 184-23,37.49672,127.11744
충정로역,서울 송파구 문정동 119-4,37.48434,127.12246
DMC(디지털미디어시티),서울 송파구 장지동 201-5,37.4798337,127.1310225
월드컵경기장역(월드컵경기장),서울 송파구 가락동 10-15,37.49672,127.11744
망원역,서울 송파구 방이동 217-2,37.5141564,127.1195472
합정역,서울 송파구 오금동 44-2,37.50355,127.13379
서교동(홍대),서울 송파구 가락동 165-2,37.49672,127.11744
홍대입구역(홍대),서울 송파구 거여동 20-14,37.48921,127.14667
연남동(홍대),서울 강동구 성내동 319,37.52998,127.12875
상수역(홍대),서울 강동구 천호동 455,37.54294,127.12733
마포역,서울 강동구 암사동 501,37.5582352,127.1308542
공덕역(공덕오거리),서울 강동구 둔촌동 416,37.5289579,127.1447659
신정네거리역,서울 강동구 길동 378,37.5398309,127.14661060476558
서울남부지방법원,서울 강동구 명일동 345-12,37.54841,127.15158
목동역 8번출구,서울 강동구 명일동 312,37.54841,127.15158
목동사거리,서울 강동구 고덕동 310,37.56528,127.15761
등촌역,서울 종로구 통인동 10-3,37.5800949,126.970346
오목교역,서울 종로구 내자동 4,37.57522,126.97146
목동신시가지,서울 종로구 종로2가 84-11,37.5709125,126.9882267
김포공항역(김포공항),서울 종로구 장사동 116-4,37.56897,126.99348
송정역,서울 종로구 예지동 187-2,37.5695591,126.9982556
강서농산물도매시장,서울 종로구 예지동 2-1,37.5695591,126.9982556
마곡역(마곡),서울 종로구 종로5가 194-1,37.57049,127.00301
발산역(마곡),서울 종로구 종로5가 194-1,37.57049,127.00301
화곡역,서울 종로구 충신동 120-1,37.57459,127.00537
까치산역,서울 종로구 창신동 436-79,37.57595,127.01313
강서구청,제주특별자치도 제주시 일도일동 1148-2,33.513273,126.5280549
오류동역,서울 종로구 창신동 570-3,37.57595,127.01313
개봉동 현대아파트,서울 종로구 창신동 436-78,37.57595,127.01313
구로역,서울 종로구 창신동 436-65,37.57595,127.01313
디지털단지오거리,서울 종로구 종로6가 270-3,37.57174,127.00681
구로구청,서울 종로구 숭인동 102-8,37.57648,127.01848
신도림역,서울 종로구 숭인동 206-9,37.57648,127.01848
구로디지털단지,서울 중구 남창동 51-1,37.55771,126.97753
구로디지털단지역,서울 중구 회현동1가 202-1,37.55689,126.98138
가산디지털단지,서울 중구 남창동 5,37.55771,126.97753
독산동,서울 중구 남대문로2가 9-9,37.56431,126.98189
구로전화국,서울 종로구 장사동 224-8,37.56897,126.99348
양평역,서울 중구 인현동2가 100,37.56397,126.99591
영등포구청역,서울 중구 주교동 19-1,37.5680117,126.9985884
문래역(문래로데오거리),서울 중구 을지로4가 169-5,37.56573,126.99734
당산2동(영등포우체국),서울 성동구 마장동 527-6,37.56743,127.04045
대림3동사거리,서울 중구 을지로7가 2-1,37.56629,127.00897
문래동주민센터,서울 중구 신당동 772,37.565196900000004,127.01321661206495
영등포청과시장교차로,서울 중구 신당동 367-7,37.565196900000004,127.01321661206495
대림역,서울 중구 신당동 775,37.565196900000004,127.01321661206495
당산역,서울 중구 신당동 777,37.565196900000004,127.01321661206495
영중로,서울 중구 신당동 204-48,37.565196900000004,127.01321661206495
영등포역(영등포),서울 중구 신당동 217-96,37.565196900000004,127.01321661206495
한강성심병원,서울 중구 신당동 217-91,37.565196900000004,127.01321661206495
보라매역,서울 중구 신당동 140,37.565196900000004,127.01321661206495
국회의사당역(국회의사당),서울 용산구 용문동 25-4,37.538097750000006,126.95862107239697
여의도역(여의도),서울 용산구 서계동 260-1,37.55234,126.96595
63빌딩,서울 용산구 이촌동 301-35,37.52086,126.96612
보라매공원,서울 용산구 후암동 102-2,37.55011,126.98028
신대방삼거리역,서울 용산구 용산동2가 1-457,37.54305,126.98558
노량진역(노량진),서울 용산구 이태원동 56-9,37.53842,126.992
장승배기역,서울 용산구 보광동 260-8,37.5267109,127.00021654781031
총신대학교,서울 성동구 금호동3가 326,37.54998,127.02213
총신대입구역(이수 총신대),서울 성동구 하왕십리동 976-15,37.56131,127.02715
신림역(신림),서울 성동구 마장동 439-1,37.56743,127.04045
녹두거리(대학동),서울 성동구 도선동 265,37.56322,127.03311
서울대입구역,서울 성동구 마장동 439-1,37.56743,127.04045
사당역(사당),서울 성동구 행당동 19-34,37.55783,127.03571
방배동가구거리(사당동가구거리),서울 성동구 용답동 13-22,37.56211,127.05467
방배동카페골목,서울 성동구 성수동2가 335-16,37.54048,127.05601
사당역 11번(사당역먹자골목),서울 광진구 자양동 816-79,37.5329735,127.0727409
내방역,서울 광진구 자양동 559-2,37.5329735,127.0727409
서래마을카페거리(서래마을),서울 광진구 자양동 553-19,37.5329735,127.0727409
방배역,서울 광진구 자양동 6-20,37.5329735,127.0727409
고속터미널(고속터미널역),서울 광진구 중곡동 221-6,37.56286,127.08921
서울고교교차로,서울 광진구 화양동 10-1,37.54408,127.06895
서초역,서울 광진구 자양동 559-2,37.5329735,127.0727409
삼호가든사거리,서울 광진구 중곡동 79-7,37.56286,127.08921
서초3동사거리,서울 동대문구 용두동 231-5,37.57616,127.03476
교대입구교차로,서울 동대문구 제기동 1126-5,37.58465,127.03678
교대역(법원.검찰청),서울 동대문구 제기동 995-4,37.58465,127.03678
논현역 5번,서울 동대문구 제기동 1019,37.58465,127.03678
남부터미널역,서울 동대문구 용두동 47-7,37.57616,127.03476
논현역 4번,서울 동대문구 제기동 995-1,37.58465,127.03678
신논현역 1번,서울 동대문구 제기동 846-34,37.58465,127.03678
신사역,서울 동대문구 제기동 899-1,37.58465,127.03678
양재역,대구 동구 신암동 105-10,35.88399,128.62359
양재화물트럭터미널앞,서울 동대문구 제기동 635-35,37.58465,127.03678
교육개발원입구사거리,서울 동대문구 청량리동 773,37.5882073,127.046251807744
양재시민의숲역(양재동꽃시장 aT센터),전남 목포시 용당동 1052-1,34.8047559,126.3976752
양재천카페거리,서울 동대문구 답십리동 530-11,37.57002,127.05467
포이사거리(삼호물산),서울 동대문구 회기동 346,37.59433,127.05178
논현역,서울 동대문구 전농동 295-52,37.5806,127.05543
가로수길,서울 동대문구 답십리동 66-17,37.57002,127.05467
신논현역,서울 동대문구 답십리동 14-8,37.57002,127.05467
압구정역,서울 동대문구 이문동 250-1,37.60021,127.06124
강남역,서울 동대문구 휘경동 139-27,37.58773,127.06526
강남을지병원,서울 동대문구 장안동 108-5,37.57105,127.06806
학동역,서울 중랑구 면목동 184-13,37.58178,127.09034
뱅뱅사거리,서울 중랑구 상봉동 129-9,37.60002,127.09283
도산공원교차로,서울 노원구 공릉동 561-36,37.63021,127.08818
언주역(차병원),서울 중랑구 면목동 49-18,37.58178,127.09034
성수대교남단,서울 은평구 응암동 609-1,37.59418,126.92555
서울세관,서울 중랑구 면목동 439,37.58178,127.09034
역삼역,서울 중랑구 신내동 666,37.61182,127.09298
경복아파트교차로,서울 중랑구 망우동 463-1,37.60178,127.1054
학동사거리,서울 중랑구 신내동 786,37.61182,127.09298
도곡1동,서울 성북구 정릉동 980,37.61654,126.99794
압구정로데오역(압구정로데오),서울 성북구 정릉동 966-56,37.61654,126.99794
강남구청역,서울 성북구 동소문동5가 118-1,37.59112,127.01481
르네상스호텔사거리,서울 성북구 길음동 540-2,37.6085308,127.0201946
매봉역,서울 성북구 하월곡동 76,37.60444,127.03764
개나리아파트,서울 성북구 장위동 215-6,37.6162,127.05086
선정릉역,서울 강북구 번동 413-3,37.62929,127.03684
강남구청(청담역_8번 강남세무서),서울 성북구 석관동 338-18,37.60789,127.06116
선릉역,서울 성북구 석관동 270-1,37.60789,127.06116
도성초등학교,서울 성북구 석관동 279,37.60789,127.06116
한티역,서울 강북구 수유동 605-248,37.6352212,127.0090642
삼성중앙역,서울 강북구 번동 411,37.62929,127.03684
영동대교남단교차로,서울 강북구 미아동 701-3,37.628995,127.02575433718266
포스코사거리,서울 강북구 수유동 270-175,37.6352212,127.0090642
경기고교사거리(경기고교앞사거리),서울 강북구 수유동 32-2,37.6352212,127.0090642
대치사거리,서울 강북구 수유동 54-5,37.6352212,127.0090642
코엑스,서울 강북구 수유동 54-5,37.6352212,127.0090642
은마아파트,서울 강북구 수유동 63,37.6352212,127.0090642
대치역,서울 강북구 미아동 60-5,37.628995,127.02575433718266
봉은사역,서울 강북구 번동 411,37.62929,127.03684
삼성역,서울 강북구 번동 413-3,37.62929,127.03684
휘문고교사거리,서울 강북구 미아동 52-26,37.628995,127.02575433718266
수서역,서울 도봉구 쌍문동 495-9,37.65347,127.02715
잠실새내역(신천),서울 도봉구 방학동 632-58,37.66442,127.03333
석촌고분역,서울 도봉구 창동 578-47,37.64643,127.04326
잠실역,서울 도봉구 창동 445-13,37.64643,127.04326
석촌역(석촌호수),서울 도봉구 도봉동 611,37.6826056,127.0425405
방이동먹자골목,서울 도봉구 쌍문동 100-32,37.65347,127.02715
송파사거리(송파역),서울 노원구 상계동 767-5,37.66727,127.07242
송파나루역,서울 노원구 상계동 173-1,37.66727,127.07242
몽촌토성역,서울 노원구 공릉동 561-36,37.63021,127.08818
가락시장역,서울 은평구 수색동 205,37.585187250000004,126.8948584489098
문정역,서울 은평구 증산동 184-9,37.58234,126.90612
장지역(가든파이브),서울 은평구 갈현동 467,37.62058,126.91102
경찰병원역,서울 은평구 응암동 427-1,37.59418,126.92555
방이역,서울 은평구 불광동 310-130,37.6160647,126.9339579
오금역,서울 은평구 대조동 12-3,37.61260825,126.92277815383503
거여역,서울 서대문구 남가좌동 345-4,37.57744,126.9179
강동구청역,서울 서대문구 연희동 131-1,37.57234,126.93084
천호역,서울 서대문구 홍제동 294-46,37.5871,126.94676
암사역,서울 서대문구 홍은동 9-123,37.59296,126.93733
둔촌역,서울 서대문구 영천동 341-10,37.5708668,126.9596744
길동역,서울 마포구 망원동 424-7,37.55586,126.90087
굽은다리역,서울 마포구 성산동 533-1,37.56775,126.90263
명일역,서울 마포구 망원동 424-16,37.55586,126.90087
고덕역,서울 마포구 망원동 403-6,37.55586,126.90087
통인시장,서울 영등포구 신길동 2365,37.50556,126.91278
세종마을음식문화거리(금천교시장),서울 마포구 합정동 375-1,37.5477846,126.90956355330226
종각지하쇼핑센터,서울 마포구 망원동 403-6,37.55586,126.90087
낙원시장(낙원지하시장(대일상가)),서울 마포구 서교동 348-40,37.5550706,126.92382487891514
세운상가가동,서울 마포구 연남동 227-15,37.56265955,126.9226107018927
종로4가지하쇼핑센터,서울 마포구 신수동 288-1,37.54620345,126.9359375116903
광장시장(광장전통시장),서울 마포구 용강동 40-5,37.5415852,126.94263151869309
종오지하쇼핑센터,서울 마포구 도화동 179-5,37.5386394,126.94924282127039
마전교지하쇼핑센터(구 한일상가),서울 마포구 공덕동 256-10,37.549927049999994,126.95928971994923
종로신진시장,서울 마포구 공덕동 256-30,37.549927049999994,126.95928971994923
충신시장,서울 마포구 아현동 327-7,37.550546999999995,126.95246389042379
동대문종합시장(동대문종합시장 신관 동대문종합시장D동상가),서울 양천구 신월동 783,37.52782,126.83692
동대문상가A동,서울 강서구 화곡동 370-37,37.54208,126.84656
동문시장,서울 양천구 신월동 114-18,37.52782,126.83692
창신골목시장,서울 양천구 신월동 447-8,37.52782,126.83692
동대문상가B동,서울 구로구 고척동 50-48,37.5034631,126.8585846
동대문상가C동,서울 양천구 목동 610-19,37.53608,126.87585
동대문문구완구거리(동대문문구완구시장),서울 양천구 목동 723-8,37.53608,126.87585
동대문상가D동,서울 양천구 목2동 526,37.54272185,126.87446788591498
동묘시장(동묘벼룩시장),서울 강서구 방화동 619-36,37.57682,126.81422
신설종합시장,서울 강서구 방화동 769-24,37.57682,126.81422
숭례문수입상가(남대문시장),서울 강서구 내발산동 720-4,37.5538883,126.8377001
남대문로 지하상가(남대문지하쇼핑센터),서울 강서구 화곡동 370-37,37.54208,126.84656
남대문시장(자유상가),서울 강서구 화곡동 98-154,37.54208,126.84656
삼익패션타운(남대문시장),서울 강서구 화곡동 929-1,37.54208,126.84656
소공지하도상가,서울 강서구 화곡동 663-15,37.54208,126.84656
명동지하쇼핑센터(소공동지하쇼핑센터),서울 강서구 화곡4동 801-9,37.53596695,126.85845284453688
을지입구지하상가(을지로지하보도쇼핑센터),서울 구로구 오류동 38-7,37.4910095,126.8377379
명동역지하도상가,서울 구로구 고척동 253-122,37.5034631,126.8585846
을지로지하보도쇼핑센터(을지입구지하상가),서울 구로구 개봉동 324-1,37.4931629,126.851736
청계천공구상가,서울 구로구 고척동 50-48,37.5034631,126.8585846
인현시장,서울 구로구 구로동 734-17,37.4945849,126.8845477
대림상가(청계상가),서울 구로구 구로동 741-21,37.4945849,126.8845477
필동 골목형상점가,서울 구로구 가리봉동 123-53,37.4838745,126.8889756
방산종합시장(방산시장),서울 금천구 독산동 293-5,37.468399,126.8979571
중부시장(신중부시장),대구 중구 남산동 611-2,35.8616174,128.587267
청계5가쇼핑센터(청계5가지하쇼핑센터),서울 금천구 시흥동 885,37.4507049,126.9085555
평화시장(통일상가 동화상가),서울 금천구 시흥동 1000-51,37.4507049,126.9085555
청계6가 지하도상가,서울 금천구 시흥동 1000-121,37.4507049,126.9085555
신평화패션타운(청계6가 지하도상가),서울 영등포구 당산동2가 30-2,37.5224036,126.89391
약수시장,서울 영등포구 도림동 176-9,37.50872,126.90113
제일평화시장,서울 영등포구 대림동 1072-30,37.4957573,126.899936
에리어식스(벨포스트),서울 영등포구 문래동3가 10,37.51702,126.89591
광희패션몰,서울 영등포구 당산동1가 75-1,37.5223052,126.8990946
team204(팀204),서울 영등포구 대림동 906-133,37.4957573,126.899936
동평화시장,서울 영등포구 영등포동5가 24,37.52095,126.9066
신당 미래유산 먹거리 골목형상점가,서울 영등포구 영등포동3가 31,37.51811,126.90866
청평화시장,서울 영등포구 영등포동5가 18-1,37.52095,126.9066
동화동 골목형상점가,경기 과천시 부림동 41,37.42932325,126.989975872685
서울중앙시장(신중앙시장),서울 영등포구 영등포동2가 30-1,37.52125,126.91222
백학시장,전북 익산시 신동 786-21,35.956598,126.9655289
황학동주방가구거리상점가,서울 영등포구 영등포동2가 167-1,37.52125,126.91222
황학시장(서울중앙시장 신중앙시장),서울 영등포구 신길동 2365,37.50556,126.91278
용산용문시장,서울 영등포구 신길동 116-15,37.50556,126.91278
만리시장,서울 동작구 상도동 324-68,37.4988159,126.9441045
이촌종합시장,서울 동작구 상도동 518-7,37.4988159,126.9441045
후암시장,서울 동작구 상도동 488,37.4988159,126.9441045
이태원시장,서울 동작구 사당동 254-1,37.4856963,126.9723525
보광시장,서울 동작구 사당동 318-15,37.4856963,126.9723525
신금호역 골목형상점가,서울 동작구 사당동 128-41,37.4856963,126.9723525
금남시장,서울 광진구 자양동 559-2,37.5329735,127.0727409
무학봉상점가,서울 관악구 신사동 494-34,37.4858209,126.91860635668743
행당시장상점가,서울 관악구 신사동 505-1,37.4858209,126.91860635668743
왕십리도선동상점가,서울 중랑구 망우동 463-1,37.60178,127.1054
마장축산물시장,서울 관악구 신림동 1595-4,37.48682825,126.92826657522511
한양대앞상점가(한양시장 왕십리맛골목),서울 금천구 독산동 984-10,37.468399,126.8979571
뚝섬역상점가,서울 관악구 신림동 390-1,37.48682825,126.92826657522511
성수역 골목형상점가,서울 강남구 삼성동 121-38,37.5147838,127.0543618
성동용답상가시장,서울 관악구 신림동 1694,37.48682825,126.92826657522511
뚝도시장,서울 관악구 봉천동 951-25,37.484665,126.9484961
영동교골목시장,서울 관악구 봉천동 921-1,37.484665,126.9484961
노룬산시장(노룬산골목시장),서울 관악구 봉천동 921-1,37.484665,126.9484961
능동로골목시장,서울 관악구 봉천동 502-4,37.484665,126.9484961
조양시장,서울 관악구 봉천동 32-2,37.484665,126.9484961
화양제일골목시장,서울 관악구 봉천동 34-9,37.484665,126.9484961
한아름시장,서울 관악구 봉천동 1638-20,37.484665,126.9484961
자양종합시장(기능상실),서울 서초구 방배동 767-1,37.4798789,126.9939103
자양골목전통시장(자양골목시장),서울 서초구 반포동 19-3,37.50312,127.0014
면곡골목시장,서울 서초구 양재동 1-7,37.46838,127.0361
중곡제일시장(중곡제일골목시장 광성시장),서울 강남구 신사동 510-11,37.52232055,127.02770186675215
신성시장(신성골목시장),서울 강남구 논현동 145-16,37.5123018,127.0294935
용두시장,서울 강남구 압구정동 454,37.5300432,127.0313346
서울약령시장,서울 강남구 논현동 227-4,37.5123018,127.0294935
경동광성상가(경동시장),서울 강남구 역삼동 675-3,37.49988,127.03856
경동시장,서울 강남구 역삼동 805-36,37.49988,127.03856
청량리수산시장,서울 강남구 청담동 134-20,37.52575355,127.0523217253381
청량리종합시장,서울 강남구 개포동 186-19,37.48421,127.07006
청량종합도매시장,서울 송파구 잠실동 278,37.5122807,127.0855986
청량리농수산물시장,서울 송파구 석촌동 275-5,37.5024827,127.103495
동서시장,서울 송파구 방이동 1-1,37.5141564,127.1195472
청량리청과물시장,서울 송파구 풍납동 477-1,37.53387,127.11094
청량리전통시장,서울 송파구 마천동 140-2,37.49803,127.15167
동부시장,서울 송파구 마천동 140-2,37.49803,127.15167
답십리 건축자재시장,서울 강동구 성내동 24-1,37.52998,127.12875
회기시장,서울 강동구 암사동 501-17,37.5582352,127.1308542
답십리시장,서울 강동구 성내동 428-9,37.52998,127.12875
답십리현대시장,서울 강동구 길동 360-4,37.5398309,127.14661060476558
이문제일시장,서울 강동구 명일동 333-2,37.54841,127.15158
